"id","clip","speaker","rough","casual","honest","proper","easygoing","fastspeaking"
1269,"F1_01","F1","4","5","4","4","2","6"
1269,"F1_02","F1","4","4","4","4","2","3"
1269,"F1_03","F1","4","2","4","4","2","4"
1269,"F1_04","F1","4","4","4","3","2","5"
1269,"F2_01","F2","2","4","4","4","4","4"
1269,"F2_02","F2","2","4","5","4","5","4"
1269,"F2_03","F2","2","4","4","4","4","4"
1269,"F2_04","F2","3","4","4","4","3","3"
1269,"F3_01","F3","3","4","4","4","2","6"
1269,"F3_02","F3","4","4","4","4","4","6"
1269,"F3_03","F3","2","4","5","4","2","5"
1269,"F3_04","F3","2","4","4","5","2","4"
1269,"F4_01","F4","3","4","4","4","4","5"
1269,"F4_02","F4","4","5","5","3","2","5"
1269,"F4_03","F4","5","5","5","2","5","6"
1269,"F4_04","F4","2","4","3","3","2","4"
1269,"F5_01","F5","4","4","5","5","2","5"
1269,"F5_02","F5","2","4","4","4","4","4"
1269,"F5_03","F5","4","4","4","3","2","2"
1269,"F5_04","F5","4","4","4","4","4","4"
1269,"M1_01","M1","2","5","5","3","4","4"
1269,"M1_02","M1","4","5","5","2","4","5"
1269,"M1_03","M1","3","4","5","4","5","2"
1269,"M1_04","M1","2","4","4","4","4","2"
1269,"M2_01","M2","4","5","5","2","5","4"
1269,"M2_02","M2","4","5","5","3","4","4"
1269,"M2_03","M2","5","5","5","3","5","4"
1269,"M2_04","M2","5","5","4","2","5","6"
1269,"M3_01","M3","1","2","4","5","2","2"
1269,"M3_02","M3","1","2","3","5","2","2"
1269,"M3_03","M3","1","4","4","5","3","3"
1269,"M3_04","M3","1","2","4","5","3","2"
1269,"M4_01","M4","4","5","4","4","4","4"
1269,"M4_02","M4","5","5","4","3","5","5"
1269,"M4_03","M4","4","4","4","2","4","4"
1269,"M4_04","M4","3","4","5","4","4","2"
1269,"M5_01","M5","3","4","4","5","2","2"
1269,"M5_02","M5","2","3","4","5","2","2"
1269,"M5_03","M5","2","4","4","4","4","2"
1269,"M5_04","M5","2","4","3","5","5","2"
1269,"somewhatagree","attention_check","4","4","4","4","4","4"
1269,"somewhatdisagree","attention_check","2","2","2","2","2","2"
1269,"stronglyagree","attention_check","6","6","6","6","6","6"
1269,"stronglydisagree","attention_check","0","0","0","0","0","0"
1289,"F1_01","F1","3","2","4","3","3","5"
1289,"F1_02","F1","4","5","3","3","3","4"
1289,"F1_03","F1","3","4","3","3","3","3"
1289,"F1_04","F1","4","4","4","2","4","4"
1289,"F2_01","F2","3","5","3","3","3","3"
1289,"F2_02","F2","3","3","3","3","3","3"
1289,"F2_03","F2","3","5","3","3","3","3"
1289,"F2_04","F2","3","4","3","3","3","3"
1289,"F3_01","F3","2","4","3","3","3","4"
1289,"F3_02","F3","3","4","3","3","3","4"
1289,"F3_03","F3","3","3","3","3","3","4"
1289,"F3_04","F3","2","3","3","3","3","3"
1289,"F4_01","F4","3","4","3","3","3","3"
1289,"F4_02","F4","3","5","3","3","3","4"
1289,"F4_03","F4","3","5","3","2","3","6"
1289,"F4_04","F4","3","4","3","4","3","3"
1289,"F5_01","F5","3","4","3","2","3","4"
1289,"F5_02","F5","3","4","3","3","3","4"
1289,"F5_03","F5","3","5","3","3","3","3"
1289,"F5_04","F5","4","5","3","2","3","5"
1289,"M1_01","M1","3","5","3","3","3","2"
1289,"M1_02","M1","4","4","3","3","3","3"
1289,"M1_03","M1","3","5","3","3","3","3"
1289,"M1_04","M1","3","3","3","4","3","3"
1289,"M2_01","M2","4","5","3","1","4","4"
1289,"M2_02","M2","3","4","3","3","3","3"
1289,"M2_03","M2","4","5","3","2","3","5"
1289,"M2_04","M2","4","5","3","2","3","5"
1289,"M3_01","M3","3","3","3","3","4","4"
1289,"M3_02","M3","3","3","3","4","3","3"
1289,"M3_03","M3","3","3","3","3","3","3"
1289,"M3_04","M3","3","3","3","3","3","3"
1289,"M4_01","M4","4","5","3","3","4","4"
1289,"M4_02","M4","5","5","3","1","3","4"
1289,"M4_03","M4","4","5","3","2","4","4"
1289,"M4_04","M4","4","5","3","2","3","4"
1289,"M5_01","M5","2","3","3","4","3","2"
1289,"M5_02","M5","3","4","3","3","3","3"
1289,"M5_03","M5","2","3","3","4","3","3"
1289,"M5_04","M5","4","3","3","3","3","4"
1289,"somewhatagree","attention_check","4","4","4","4","4","4"
1289,"somewhatdisagree","attention_check","2","2","2","2","2","2"
1289,"stronglyagree","attention_check","6","6","6","6","6","6"
1289,"stronglydisagree","attention_check","0","0","0","0","0","0"
1290,"F1_01","F1","3","3","3","3","3","3"
1290,"F1_02","F1","3","3","3","3","3","3"
1290,"F1_03","F1","3","3","3","3","3","3"
1290,"F1_04","F1","3","3","3","3","3","3"
1290,"F2_01","F2","3","3","3","3","3","3"
1290,"F2_02","F2","3","3","3","3","3","3"
1290,"F2_03","F2","3","3","3","3","3","3"
1290,"F2_04","F2","3","3","3","3","3","3"
1290,"F3_01","F3","3","3","3","3","3","3"
1290,"F3_02","F3","3","3","3","3","3","3"
1290,"F3_03","F3","3","3","3","3","3","3"
1290,"F3_04","F3","3","3","3","3","3","3"
1290,"F4_01","F4","3","3","3","3","3","3"
1290,"F4_02","F4","3","3","3","3","3","3"
1290,"F4_03","F4","3","3","3","3","3","3"
1290,"F4_04","F4","3","3","3","3","3","3"
1290,"F5_01","F5","3","3","3","3","3","3"
1290,"F5_02","F5","3","3","3","3","3","3"
1290,"F5_03","F5","3","3","3","3","3","3"
1290,"F5_04","F5","3","3","3","3","3","3"
1290,"M1_01","M1","3","3","3","3","3","3"
1290,"M1_02","M1","3","3","3","3","3","3"
1290,"M1_03","M1","3","3","3","3","3","3"
1290,"M1_04","M1","3","3","3","3","3","3"
1290,"M2_01","M2","3","3","3","3","3","3"
1290,"M2_02","M2","3","3","3","3","3","3"
1290,"M2_03","M2","3","3","3","3","3","3"
1290,"M2_04","M2","3","3","3","3","3","3"
1290,"M3_01","M3","3","3","3","3","3","3"
1290,"M3_02","M3","3","3","3","3","3","3"
1290,"M3_03","M3","3","3","3","3","3","3"
1290,"M3_04","M3","3","3","3","3","3","3"
1290,"M4_01","M4","3","3","3","3","3","3"
1290,"M4_02","M4","3","3","3","3","3","3"
1290,"M4_03","M4","3","3","3","3","3","3"
1290,"M4_04","M4","3","3","3","3","3","3"
1290,"M5_01","M5","3","3","3","3","3","3"
1290,"M5_02","M5","3","3","3","3","3","3"
1290,"M5_03","M5","3","3","3","3","3","3"
1290,"M5_04","M5","3","3","3","3","3","3"
1290,"somewhatagree","attention_check","5","5","5","5","5","5"
1290,"somewhatdisagree","attention_check","2","2","2","2","2","2"
1290,"stronglyagree","attention_check","6","6","6","6","6","6"
1290,"stronglydisagree","attention_check","2","2","2","2","2","2"
1304,"F1_01","F1","1","4","3","4","4","4"
1304,"F1_02","F1","5","4","3","3","4","3"
1304,"F1_03","F1","3","4","3","3","4","3"
1304,"F1_04","F1","3","4","3","3","4","3"
1304,"F2_01","F2","3","4","3","3","4","3"
1304,"F2_02","F2","1","4","3","4","4","2"
1304,"F2_03","F2","3","4","3","2","4","3"
1304,"F2_04","F2","3","3","3","4","3","3"
1304,"F3_01","F3","2","4","3","3","4","3"
1304,"F3_02","F3","2","4","3","3","4","3"
1304,"F3_03","F3","2","4","3","3","4","3"
1304,"F3_04","F3","2","3","3","3","3","3"
1304,"F4_01","F4","4","4","3","3","4","3"
1304,"F4_02","F4","1","4","4","4","4","4"
1304,"F4_03","F4","3","4","4","3","4","3"
1304,"F4_04","F4","4","4","3","3","4","3"
1304,"F5_01","F5","4","4","3","3","4","4"
1304,"F5_02","F5","4","4","3","3","2","4"
1304,"F5_03","F5","3","3","3","3","4","3"
1304,"F5_04","F5","3","4","3","2","4","3"
1304,"M1_01","M1","4","3","4","3","4","4"
1304,"M1_02","M1","3","3","3","3","4","2"
1304,"M1_03","M1","4","3","3","3","4","3"
1304,"M1_04","M1","4","5","4","4","5","4"
1304,"M2_01","M2","5","5","3","3","3","2"
1304,"M2_02","M2","2","3","3","4","4","3"
1304,"M2_03","M2","3","4","3","2","4","3"
1304,"M2_04","M2","5","5","3","2","5","4"
1304,"M3_01","M3","3","3","4","4","4","3"
1304,"M3_02","M3","3","3","3","3","2","3"
1304,"M3_03","M3","1","4","3","3","4","3"
1304,"M3_04","M3","1","1","3","6","3","1"
1304,"M4_01","M4","4","3","3","3","3","3"
1304,"M4_02","M4","4","4","3","2","4","3"
1304,"M4_03","M4","3","4","4","3","4","3"
1304,"M4_04","M4","6","5","3","1","5","4"
1304,"M5_01","M5","3","3","3","5","4","3"
1304,"M5_02","M5","5","4","3","4","4","2"
1304,"M5_03","M5","1","4","3","4","4","1"
1304,"M5_04","M5","3","4","3","2","4","3"
1304,"somewhatagree","attention_check","4","4","4","4","4","4"
1304,"somewhatdisagree","attention_check","2","2","2","2","2","2"
1304,"stronglyagree","attention_check","6","6","6","6","6","6"
1304,"stronglydisagree","attention_check","0","0","0","0","0","0"
1306,"F1_01","F1","6","1","2","1","0","5"
1306,"F1_02","F1","5","4","4","4","0","4"
1306,"F1_03","F1","5","3","3","2","0","4"
1306,"F1_04","F1","6","2","2","1","0","5"
1306,"F2_01","F2","3","5","5","5","4","5"
1306,"F2_02","F2","4","4","4","4","3","6"
1306,"F2_03","F2","2","5","5","5","6","6"
1306,"F2_04","F2","3","4","3","4","4","3"
1306,"F3_01","F3","5","4","5","5","2","5"
1306,"F3_02","F3","4","4","4","4","4","5"
1306,"F3_03","F3","4","5","5","5","4","5"
1306,"F3_04","F3","3","5","5","5","4","5"
1306,"F4_01","F4","4","4","3","2","1","5"
1306,"F4_02","F4","5","4","3","4","2","5"
1306,"F4_03","F4","6","2","2","2","0","5"
1306,"F4_04","F4","4","4","4","5","2","5"
1306,"F5_01","F5","6","3","2","2","0","5"
1306,"F5_02","F5","6","4","2","2","1","4"
1306,"F5_03","F5","3","4","4","4","4","3"
1306,"F5_04","F5","6","2","2","3","0","5"
1306,"M1_01","M1","6","3","2","1","0","6"
1306,"M1_02","M1","3","3","3","3","3","3"
1306,"M1_03","M1","4","3","4","3","3","5"
1306,"M1_04","M1","3","4","4","4","4","3"
1306,"M2_01","M2","6","4","3","2","0","5"
1306,"M2_02","M2","4","4","4","4","2","4"
1306,"M2_03","M2","5","6","3","2","1","5"
1306,"M2_04","M2","4","6","4","2","2","5"
1306,"M3_01","M3","2","4","4","4","4","3"
1306,"M3_02","M3","3","4","5","5","4","3"
1306,"M3_03","M3","6","2","2","2","0","4"
1306,"M3_04","M3","4","4","4","4","4","4"
1306,"M4_01","M4","5","3","4","4","2","4"
1306,"M4_02","M4","6","2","2","1","0","6"
1306,"M4_03","M4","6","3","2","2","0","4"
1306,"M4_04","M4","4","3","3","3","2","5"
1306,"M5_01","M5","6","2","2","2","0","4"
1306,"M5_02","M5","3","3","3","3","3","3"
1306,"M5_03","M5","3","5","5","5","3","5"
1306,"M5_04","M5","5","4","3","4","1","4"
1306,"somewhatagree","attention_check","4","4","4","4","4","4"
1306,"somewhatdisagree","attention_check","2","2","2","2","2","2"
1306,"stronglyagree","attention_check","6","6","6","6","6","6"
1306,"stronglydisagree","attention_check","0","0","0","0","0","0"
1311,"F1_01","F1","2","2","2","2","2","2"
1311,"F1_02","F1","2","2","2","2","2","2"
1311,"F1_03","F1","2","2","2","2","2","2"
1311,"F1_04","F1","2","2","2","2","2","2"
1311,"F2_01","F2","2","2","2","2","2","2"
1311,"F2_02","F2","2","2","2","2","2","2"
1311,"F2_03","F2","2","2","2","2","2","2"
1311,"F2_04","F2","2","2","2","2","2","2"
1311,"F3_01","F3","2","2","2","2","2","2"
1311,"F3_02","F3","2","2","2","2","2","2"
1311,"F3_03","F3","2","2","2","2","2","2"
1311,"F3_04","F3","2","2","2","2","2","2"
1311,"F4_01","F4","2","2","2","2","2","2"
1311,"F4_02","F4","2","2","2","2","2","2"
1311,"F4_03","F4","2","2","2","2","2","2"
1311,"F4_04","F4","2","2","2","2","2","2"
1311,"F5_01","F5","2","2","2","2","2","2"
1311,"F5_02","F5","2","2","2","2","2","2"
1311,"F5_03","F5","2","2","2","2","2","2"
1311,"F5_04","F5","2","2","2","2","2","2"
1311,"M1_01","M1","2","2","2","2","2","2"
1311,"M1_02","M1","2","2","2","2","2","2"
1311,"M1_03","M1","2","2","2","2","2","2"
1311,"M1_04","M1","2","2","2","2","2","2"
1311,"M2_01","M2","2","2","2","2","2","2"
1311,"M2_02","M2","2","2","2","2","2","2"
1311,"M2_03","M2","2","2","2","2","2","2"
1311,"M2_04","M2","2","2","2","2","2","2"
1311,"M3_01","M3","2","2","2","2","2","2"
1311,"M3_02","M3","2","2","2","2","2","2"
1311,"M3_03","M3","2","2","2","2","2","2"
1311,"M3_04","M3","2","2","2","2","2","2"
1311,"M4_01","M4","2","2","2","2","2","2"
1311,"M4_02","M4","2","2","2","2","2","2"
1311,"M4_03","M4","2","2","2","2","2","2"
1311,"M4_04","M4","2","2","2","2","2","2"
1311,"M5_01","M5","2","2","2","2","2","2"
1311,"M5_02","M5","2","2","2","2","2","2"
1311,"M5_03","M5","2","2","2","2","2","2"
1311,"M5_04","M5","2","2","2","2","2","2"
1311,"somewhatagree","attention_check","2","2","2","2","2","2"
1311,"somewhatdisagree","attention_check","2","2","2","2","2","2"
1311,"stronglyagree","attention_check","2","2","2","2","2","2"
1311,"stronglydisagree","attention_check","2","2","2","2","2","2"
1313,"F1_01","F1","4","4","4","1","1","4"
1313,"F1_02","F1","4","5","4","1","4","2"
1313,"F1_03","F1","4","4","4","1","4","4"
1313,"F1_04","F1","4","4","4","1","4","4"
1313,"F2_01","F2","4","4","4","4","4","2"
1313,"F2_02","F2","4","4","4","5","4","5"
1313,"F2_03","F2","4","4","4","4","4","4"
1313,"F2_04","F2","4","4","4","4","4","4"
1313,"F3_01","F3","4","4","4","2","4","4"
1313,"F3_02","F3","4","4","4","1","2","4"
1313,"F3_03","F3","2","4","4","4","4","4"
1313,"F3_04","F3","2","4","4","4","4","4"
1313,"F4_01","F4","4","4","4","2","4","4"
1313,"F4_02","F4","4","5","5","1","5","5"
1313,"F4_03","F4","2","4","4","2","4","4"
1313,"F4_04","F4","2","4","4","2","4","2"
1313,"F5_01","F5","2","4","4","2","4","4"
1313,"F5_02","F5","2","4","4","2","4","2"
1313,"F5_03","F5","4","4","4","1","4","2"
1313,"F5_04","F5","4","4","4","1","4","4"
1313,"M1_01","M1","4","4","4","2","4","4"
1313,"M1_02","M1","4","4","4","2","4","3"
1313,"M1_03","M1","4","4","4","1","4","4"
1313,"M1_04","M1","4","4","4","3","4","2"
1313,"M2_01","M2","4","4","4","1","4","2"
1313,"M2_02","M2","4","4","4","2","4","2"
1313,"M2_03","M2","4","4","4","2","4","4"
1313,"M2_04","M2","4","4","4","1","4","4"
1313,"M3_01","M3","4","4","4","4","4","4"
1313,"M3_02","M3","4","4","4","4","4","4"
1313,"M3_03","M3","4","4","4","1","4","4"
1313,"M3_04","M3","4","2","3","4","2","2"
1313,"M4_01","M4","4","4","4","2","4","2"
1313,"M4_02","M4","4","4","4","1","4","4"
1313,"M4_03","M4","4","4","4","2","4","2"
1313,"M4_04","M4","4","4","4","1","4","4"
1313,"M5_01","M5","4","4","4","4","4","4"
1313,"M5_02","M5","4","4","4","4","4","4"
1313,"M5_03","M5","4","4","4","2","4","4"
1313,"M5_04","M5","2","4","4","2","4","2"
1313,"somewhatagree","attention_check","4","4","4","4","4","4"
1313,"somewhatdisagree","attention_check","2","2","2","2","2","2"
1313,"stronglyagree","attention_check","6","6","6","6","6","6"
1313,"stronglydisagree","attention_check","0","0","0","0","0","0"
1316,"F1_01","F1","1","5","5","5","4","4"
1316,"F1_02","F1","5","1","5","4","1","1"
1316,"F1_03","F1","5","5","5","1","1","4"
1316,"F1_04","F1","1","1","5","5","1","4"
1316,"F2_01","F2","1","1","5","5","5","4"
1316,"F2_02","F2","1","1","5","5","4","1"
1316,"F2_03","F2","1","5","5","4","5","4"
1316,"F2_04","F2","1","1","5","5","5","4"
1316,"F3_01","F3","1","4","5","4","1","5"
1316,"F3_02","F3","1","5","5","4","1","5"
1316,"F3_03","F3","1","1","5","5","1","4"
1316,"F3_04","F3","1","4","5","4","1","2"
1316,"F4_01","F4","1","1","5","5","1","4"
1316,"F4_02","F4","1","5","5","1","5","5"
1316,"F4_03","F4","1","1","5","5","4","5"
1316,"F4_04","F4","1","1","5","5","5","4"
1316,"F5_01","F5","1","5","5","5","4","4"
1316,"F5_02","F5","1","1","5","5","4","1"
1316,"F5_03","F5","2","4","5","4","1","2"
1316,"F5_04","F5","1","1","5","5","5","5"
1316,"M1_01","M1","1","4","5","4","1","1"
1316,"M1_02","M1","1","5","5","1","1","5"
1316,"M1_03","M1","1","1","5","5","1","4"
1316,"M1_04","M1","1","1","5","5","1","1"
1316,"M2_01","M2","5","5","5","1","4","1"
1316,"M2_02","M2","2","4","5","5","4","2"
1316,"M2_03","M2","4","5","5","1","1","4"
1316,"M2_04","M2","5","6","3","1","4","5"
1316,"M3_01","M3","4","4","5","5","1","1"
1316,"M3_02","M3","4","2","5","5","1","4"
1316,"M3_03","M3","1","4","5","2","5","1"
1316,"M3_04","M3","1","1","5","5","4","2"
1316,"M4_01","M4","2","1","5","5","1","1"
1316,"M4_02","M4","4","5","5","1","4","4"
1316,"M4_03","M4","1","5","5","1","5","4"
1316,"M4_04","M4","1","5","5","1","5","4"
1316,"M5_01","M5","2","1","5","5","1","2"
1316,"M5_02","M5","1","4","5","4","1","4"
1316,"M5_03","M5","1","1","5","5","1","1"
1316,"M5_04","M5","1","4","5","4","1","1"
1316,"somewhatagree","attention_check","4","4","4","4","4","4"
1316,"somewhatdisagree","attention_check","2","2","2","2","2","2"
1316,"stronglyagree","attention_check","6","6","6","6","6","6"
1316,"stronglydisagree","attention_check","0","0","0","0","0","0"
1323,"F1_01","F1","3","3","3","3","3","3"
1323,"F1_02","F1","3","3","3","3","3","3"
1323,"F1_03","F1","3","3","3","3","3","3"
1323,"F1_04","F1","3","3","3","3","3","3"
1323,"F2_01","F2","3","3","3","3","3","3"
1323,"F2_02","F2","3","3","3","3","3","3"
1323,"F2_03","F2","3","3","3","3","3","3"
1323,"F2_04","F2","3","3","3","3","3","3"
1323,"F3_01","F3","3","3","3","3","3","3"
1323,"F3_02","F3","3","3","3","3","3","3"
1323,"F3_03","F3","3","3","3","3","3","3"
1323,"F3_04","F3","3","3","3","3","3","3"
1323,"F4_01","F4","3","3","3","3","3","3"
1323,"F4_02","F4","3","3","3","3","3","3"
1323,"F4_03","F4","3","3","3","3","3","3"
1323,"F4_04","F4","3","3","3","3","3","3"
1323,"F5_01","F5","3","3","3","3","3","3"
1323,"F5_02","F5","3","3","3","3","3","3"
1323,"F5_03","F5","3","3","3","3","3","3"
1323,"F5_04","F5","3","3","3","3","3","3"
1323,"M1_01","M1","3","3","3","3","3","3"
1323,"M1_02","M1","3","3","3","3","3","3"
1323,"M1_03","M1","3","3","3","3","3","3"
1323,"M1_04","M1","3","3","3","3","3","3"
1323,"M2_01","M2","3","3","3","3","3","3"
1323,"M2_02","M2","3","3","3","3","3","3"
1323,"M2_03","M2","3","3","3","3","3","3"
1323,"M2_04","M2","3","3","3","3","3","3"
1323,"M3_01","M3","3","3","3","3","3","3"
1323,"M3_02","M3","3","3","3","3","3","3"
1323,"M3_03","M3","3","3","3","3","3","3"
1323,"M3_04","M3","3","3","3","3","3","3"
1323,"M4_01","M4","3","3","3","3","3","3"
1323,"M4_02","M4","3","3","3","3","3","3"
1323,"M4_03","M4","3","3","3","3","3","3"
1323,"M4_04","M4","3","3","3","3","3","3"
1323,"M5_01","M5","3","3","3","3","3","3"
1323,"M5_02","M5","3","3","3","3","3","3"
1323,"M5_03","M5","3","3","3","3","3","3"
1323,"M5_04","M5","3","3","3","3","3","3"
1323,"somewhatagree","attention_check","3","3","3","3","3","3"
1323,"somewhatdisagree","attention_check","3","3","3","3","3","3"
1323,"stronglyagree","attention_check","3","3","3","3","3","3"
1323,"stronglydisagree","attention_check","3","3","3","3","3","3"
1330,"F1_01","F1","3","4","3","2","4","3"
1330,"F1_02","F1","4","4","4","2","4","3"
1330,"F1_03","F1","3","4","4","3","4","2"
1330,"F1_04","F1","4","5","4","2","2","3"
1330,"F2_01","F2","2","2","4","5","2","4"
1330,"F2_02","F2","1","4","3","5","4","5"
1330,"F2_03","F2","2","2","3","4","3","3"
1330,"F2_04","F2","1","3","3","4","4","5"
1330,"F3_01","F3","2","3","4","4","4","2"
1330,"F3_02","F3","3","4","4","3","4","4"
1330,"F3_03","F3","2","2","3","4","3","3"
1330,"F3_04","F3","2","3","4","4","4","3"
1330,"F4_01","F4","2","4","4","3","4","3"
1330,"F4_02","F4","3","3","4","2","4","5"
1330,"F4_03","F4","4","4","4","2","4","3"
1330,"F4_04","F4","3","4","3","3","4","4"
1330,"F5_01","F5","4","4","4","1","4","3"
1330,"F5_02","F5","4","4","3","3","4","4"
1330,"F5_03","F5","4","5","4","2","4","2"
1330,"F5_04","F5","4","5","4","2","4","4"
1330,"M1_01","M1","3","4","4","3","4","3"
1330,"M1_02","M1","2","4","4","2","3","3"
1330,"M1_03","M1","3","4","4","3","4","3"
1330,"M1_04","M1","2","3","4","3","4","1"
1330,"M2_01","M2","5","5","4","1","4","4"
1330,"M2_02","M2","4","5","4","2","5","3"
1330,"M2_03","M2","4","5","4","2","4","3"
1330,"M2_04","M2","4","4","4","2","4","3"
1330,"M3_01","M3","1","1","3","5","2","3"
1330,"M3_02","M3","1","1","3","5","2","3"
1330,"M3_03","M3","1","2","3","5","2","3"
1330,"M3_04","M3","1","2","4","6","3","3"
1330,"M4_01","M4","4","4","4","2","4","3"
1330,"M4_02","M4","4","5","4","1","4","3"
1330,"M4_03","M4","3","4","4","3","4","2"
1330,"M4_04","M4","3","5","4","2","4","3"
1330,"M5_01","M5","2","2","3","4","3","3"
1330,"M5_02","M5","2","3","4","4","3","3"
1330,"M5_03","M5","2","2","4","4","4","3"
1330,"M5_04","M5","2","3","4","3","3","2"
1330,"somewhatagree","attention_check","4","4","4","4","4","4"
1330,"somewhatdisagree","attention_check","2","2","2","2","2","2"
1330,"stronglyagree","attention_check","6","6","6","6","6","6"
1330,"stronglydisagree","attention_check","0","0","0","0","0","0"
1339,"F1_01","F1","3","3","3","3","3","3"
1339,"F1_02","F1","3","3","3","3","3","3"
1339,"F1_03","F1","3","3","3","3","3","3"
1339,"F1_04","F1","3","3","3","3","3","3"
1339,"F2_01","F2","3","3","3","3","3","3"
1339,"F2_02","F2","3","3","3","3","3","3"
1339,"F2_03","F2","3","3","3","3","3","3"
1339,"F2_04","F2","3","3","3","3","3","3"
1339,"F3_01","F3","3","3","3","3","3","3"
1339,"F3_02","F3","3","3","3","3","3","3"
1339,"F3_03","F3","3","3","3","3","3","3"
1339,"F3_04","F3","3","3","3","3","3","3"
1339,"F4_01","F4","3","3","3","3","3","3"
1339,"F4_02","F4","3","3","3","3","3","3"
1339,"F4_03","F4","3","3","3","3","3","3"
1339,"F4_04","F4","3","3","3","3","3","3"
1339,"F5_01","F5","3","3","3","3","3","3"
1339,"F5_02","F5","3","3","3","3","3","3"
1339,"F5_03","F5","3","3","3","3","3","3"
1339,"F5_04","F5","3","3","3","3","3","3"
1339,"M1_01","M1","3","3","3","3","3","3"
1339,"M1_02","M1","3","3","3","3","3","3"
1339,"M1_03","M1","3","3","3","3","3","3"
1339,"M1_04","M1","3","3","3","3","3","3"
1339,"M2_01","M2","3","3","3","3","3","3"
1339,"M2_02","M2","3","3","3","3","3","3"
1339,"M2_03","M2","3","3","3","3","3","3"
1339,"M2_04","M2","3","3","3","3","3","3"
1339,"M3_01","M3","3","3","3","3","3","3"
1339,"M3_02","M3","3","3","3","3","3","3"
1339,"M3_03","M3","3","3","3","3","3","3"
1339,"M3_04","M3","3","3","3","3","3","3"
1339,"M4_01","M4","3","3","3","3","3","3"
1339,"M4_02","M4","3","3","3","3","3","3"
1339,"M4_03","M4","3","3","3","3","3","3"
1339,"M4_04","M4","3","3","3","3","3","3"
1339,"M5_01","M5","3","3","3","3","3","3"
1339,"M5_02","M5","3","3","3","3","3","3"
1339,"M5_03","M5","3","3","3","3","3","3"
1339,"M5_04","M5","3","3","3","3","3","3"
1339,"somewhatagree","attention_check","3","3","3","3","3","3"
1339,"somewhatdisagree","attention_check","3","3","3","3","3","3"
1339,"stronglyagree","attention_check","3","3","3","3","3","3"
1339,"stronglydisagree","attention_check","3","3","3","3","3","3"
1341,"F1_01","F1","4","5","3","2","4","4"
1341,"F1_02","F1","4","4","5","1","4","3"
1341,"F1_03","F1","4","5","3","2","4","3"
1341,"F1_04","F1","4","4","3","1","3","4"
1341,"F2_01","F2","1","4","4","4","4","2"
1341,"F2_02","F2","1","3","3","5","3","3"
1341,"F2_03","F2","1","5","3","4","4","3"
1341,"F2_04","F2","1","4","3","4","3","3"
1341,"F3_01","F3","2","4","3","4","4","4"
1341,"F3_02","F3","5","5","5","1","3","5"
1341,"F3_03","F3","1","3","3","4","3","3"
1341,"F3_04","F3","2","4","3","2","4","4"
1341,"F4_01","F4","2","5","3","1","4","4"
1341,"F4_02","F4","2","5","3","1","5","4"
1341,"F4_03","F4","2","5","3","3","4","4"
1341,"F4_04","F4","1","5","3","2","4","3"
1341,"F5_01","F5","3","4","4","3","3","3"
1341,"F5_02","F5","2","4","3","4","3","2"
1341,"F5_03","F5","1","4","4","2","3","3"
1341,"F5_04","F5","4","4","4","2","4","4"
1341,"M1_01","M1","3","4","4","3","4","4"
1341,"M1_02","M1","4","5","3","2","4","4"
1341,"M1_03","M1","2","5","4","3","3","4"
1341,"M1_04","M1","4","3","3","3","3","3"
1341,"M2_01","M2","5","5","4","1","4","3"
1341,"M2_02","M2","4","5","3","2","4","3"
1341,"M2_03","M2","5","5","4","1","3","3"
1341,"M2_04","M2","4","5","3","1","3","4"
1341,"M3_01","M3","1","1","3","5","3","1"
1341,"M3_02","M3","2","2","3","5","2","4"
1341,"M3_03","M3","1","3","4","3","3","3"
1341,"M3_04","M3","1","3","4","3","3","3"
1341,"M4_01","M4","4","5","3","1","4","3"
1341,"M4_02","M4","5","5","3","1","5","4"
1341,"M4_03","M4","5","5","3","1","4","2"
1341,"M4_04","M4","4","5","4","1","4","4"
1341,"M5_01","M5","1","3","3","4","2","2"
1341,"M5_02","M5","4","4","3","3","3","3"
1341,"M5_03","M5","2","4","3","4","3","3"
1341,"M5_04","M5","1","5","3","2","4","3"
1341,"somewhatagree","attention_check","4","4","4","4","4","4"
1341,"somewhatdisagree","attention_check","2","2","2","2","2","2"
1341,"stronglyagree","attention_check","6","6","6","6","6","6"
1341,"stronglydisagree","attention_check","1","1","3","5","3","2"
1346,"F1_01","F1","5","2","5","1","1","5"
1346,"F1_02","F1","4","5","5","5","2","4"
1346,"F1_03","F1","5","5","5","1","1","2"
1346,"F1_04","F1","5","5","5","5","1","4"
1346,"F2_01","F2","1","2","5","5","4","2"
1346,"F2_02","F2","1","5","5","5","5","5"
1346,"F2_03","F2","4","2","1","5","1","5"
1346,"F2_04","F2","2","2","5","5","2","4"
1346,"F3_01","F3","2","1","1","5","1","5"
1346,"F3_02","F3","5","1","5","5","1","5"
1346,"F3_03","F3","5","1","5","5","1","5"
1346,"F3_04","F3","4","5","5","5","1","5"
1346,"F4_01","F4","1","5","5","5","4","5"
1346,"F4_02","F4","4","5","5","5","2","5"
1346,"F4_03","F4","4","5","5","1","1","5"
1346,"F4_04","F4","5","5","1","5","1","5"
1346,"F5_01","F5","4","5","5","5","1","4"
1346,"F5_02","F5","1","1","5","5","1","4"
1346,"F5_03","F5","2","5","5","5","1","4"
1346,"F5_04","F5","5","5","5","5","1","4"
1346,"M1_01","M1","5","5","5","1","1","5"
1346,"M1_02","M1","4","4","5","5","1","5"
1346,"M1_03","M1","4","5","5","5","1","5"
1346,"M1_04","M1","4","5","2","5","4","2"
1346,"M2_01","M2","5","5","5","1","1","5"
1346,"M2_02","M2","5","5","5","1","1","2"
1346,"M2_03","M2","5","5","1","1","1","5"
1346,"M2_04","M2","5","5","5","1","1","5"
1346,"M3_01","M3","1","1","3","5","4","2"
1346,"M3_02","M3","2","2","5","5","2","2"
1346,"M3_03","M3","2","2","5","5","2","3"
1346,"M3_04","M3","3","5","5","5","3","1"
1346,"M4_01","M4","5","1","5","5","1","2"
1346,"M4_02","M4","5","5","2","2","1","4"
1346,"M4_03","M4","5","3","1","5","1","3"
1346,"M4_04","M4","5","5","5","1","2","5"
1346,"M5_01","M5","4","1","5","5","1","2"
1346,"M5_02","M5","2","2","5","5","2","2"
1346,"M5_03","M5","4","4","5","5","2","4"
1346,"M5_04","M5","5","2","2","5","2","5"
1346,"somewhatagree","attention_check","4","4","4","4","4","4"
1346,"somewhatdisagree","attention_check","2","2","2","2","2","2"
1346,"stronglyagree","attention_check","6","6","6","6","6","6"
1346,"stronglydisagree","attention_check","0","0","0","0","0","0"
1347,"F1_01","F1","6","4","4","3","4","3"
1347,"F1_02","F1","5","3","4","3","4","5"
1347,"F1_03","F1","6","4","5","4","5","4"
1347,"F1_04","F1","1","3","2","4","5","4"
1347,"F2_01","F2","1","4","2","4","3","4"
1347,"F2_02","F2","1","2","1","1","4","4"
1347,"F2_03","F2","5","5","4","4","5","4"
1347,"F2_04","F2","4","5","4","4","5","5"
1347,"F3_01","F3","1","2","1","2","1","6"
1347,"F3_02","F3","4","4","5","4","3","4"
1347,"F3_03","F3","1","4","1","5","4","5"
1347,"F3_04","F3","5","3","4","4","3","2"
1347,"F4_01","F4","4","4","3","4","3","2"
1347,"F4_02","F4","4","5","3","4","4","3"
1347,"F4_03","F4","4","5","4","4","3","3"
1347,"F4_04","F4","1","3","1","4","2","3"
1347,"F5_01","F5","4","4","5","4","5","4"
1347,"F5_02","F5","2","4","3","3","4","4"
1347,"F5_03","F5","2","1","2","1","1","1"
1347,"F5_04","F5","3","3","4","4","3","4"
1347,"M1_01","M1","2","2","1","4","5","5"
1347,"M1_02","M1","2","2","2","4","4","4"
1347,"M1_03","M1","4","5","4","4","3","3"
1347,"M1_04","M1","4","4","3","4","3","4"
1347,"M2_01","M2","4","4","3","3","4","4"
1347,"M2_02","M2","1","2","1","3","2","2"
1347,"M2_03","M2","5","4","4","5","4","5"
1347,"M2_04","M2","2","2","4","4","4","4"
1347,"M3_01","M3","1","1","2","6","1","1"
1347,"M3_02","M3","5","5","4","4","5","4"
1347,"M3_03","M3","1","1","2","3","5","1"
1347,"M3_04","M3","2","4","4","3","4","2"
1347,"M4_01","M4","5","4","4","5","4","4"
1347,"M4_02","M4","5","6","4","1","3","4"
1347,"M4_03","M4","4","4","3","4","3","4"
1347,"M4_04","M4","4","5","4","4","3","5"
1347,"M5_01","M5","2","2","5","2","2","1"
1347,"M5_02","M5","2","2","2","4","4","4"
1347,"M5_03","M5","4","4","5","4","5","4"
1347,"M5_04","M5","2","4","2","5","4","4"
1347,"somewhatagree","attention_check","4","4","4","4","4","4"
1347,"somewhatdisagree","attention_check","2","2","2","2","2","2"
1347,"stronglyagree","attention_check","6","6","6","6","6","6"
1347,"stronglydisagree","attention_check","0","0","0","0","0","0"
1349,"F1_01","F1","4","4","3","3","2","4"
1349,"F1_02","F1","4","4","3","2","3","3"
1349,"F1_03","F1","4","5","3","2","3","3"
1349,"F1_04","F1","4","4","3","3","4","2"
1349,"F2_01","F2","2","4","2","4","4","3"
1349,"F2_02","F2","1","4","3","3","4","2"
1349,"F2_03","F2","2","4","3","3","3","3"
1349,"F2_04","F2","2","4","3","3","3","3"
1349,"F3_01","F3","3","4","3","3","3","3"
1349,"F3_02","F3","4","4","3","3","2","3"
1349,"F3_03","F3","2","4","3","3","5","3"
1349,"F3_04","F3","2","4","3","4","3","3"
1349,"F4_01","F4","2","4","3","3","3","3"
1349,"F4_02","F4","2","4","3","3","3","3"
1349,"F4_03","F4","2","5","4","3","4","6"
1349,"F4_04","F4","2","4","3","3","3","3"
1349,"F5_01","F5","4","4","3","3","4","4"
1349,"F5_02","F5","3","4","3","2","2","2"
1349,"F5_03","F5","2","4","3","3","3","2"
1349,"F5_04","F5","3","4","3","3","2","4"
1349,"M1_01","M1","2","5","3","4","3","3"
1349,"M1_02","M1","3","4","3","3","3","2"
1349,"M1_03","M1","2","4","4","3","4","3"
1349,"M1_04","M1","2","4","3","3","3","3"
1349,"M2_01","M2","2","4","4","3","5","3"
1349,"M2_02","M2","4","5","3","3","5","4"
1349,"M2_03","M2","4","5","3","3","4","3"
1349,"M2_04","M2","4","4","5","2","3","3"
1349,"M3_01","M3","2","3","4","5","3","2"
1349,"M3_02","M3","3","4","3","4","2","2"
1349,"M3_03","M3","2","4","4","3","3","2"
1349,"M3_04","M3","1","4","4","4","3","2"
1349,"M4_01","M4","3","4","3","3","2","3"
1349,"M4_02","M4","4","5","3","3","4","3"
1349,"M4_03","M4","4","4","3","3","4","3"
1349,"M4_04","M4","2","4","3","3","4","4"
1349,"M5_01","M5","2","3","3","4","3","3"
1349,"M5_02","M5","3","4","3","3","3","3"
1349,"M5_03","M5","3","4","3","4","3","3"
1349,"M5_04","M5","4","4","3","3","2","2"
1349,"somewhatagree","attention_check","4","4","4","4","4","4"
1349,"somewhatdisagree","attention_check","2","2","2","2","2","2"
1349,"stronglyagree","attention_check","6","6","6","6","6","6"
1349,"stronglydisagree","attention_check","0","0","0","0","0","0"
1350,"F1_01","F1","6","4","4","4","1","4"
1350,"F1_02","F1","5","4","5","1","4","5"
1350,"F1_03","F1","5","5","1","1","4","4"
1350,"F1_04","F1","4","2","4","4","4","2"
1350,"F2_01","F2","2","1","5","6","2","2"
1350,"F2_02","F2","5","5","4","1","4","4"
1350,"F2_03","F2","2","5","5","2","5","2"
1350,"F2_04","F2","2","5","5","5","3","2"
1350,"F3_01","F3","4","1","5","4","4","1"
1350,"F3_02","F3","4","6","4","1","4","2"
1350,"F3_03","F3","5","5","5","5","4","2"
1350,"F3_04","F3","4","1","4","4","4","2"
1350,"F4_01","F4","1","4","5","4","4","1"
1350,"F4_02","F4","2","5","4","1","4","4"
1350,"F4_03","F4","4","2","1","4","1","6"
1350,"F4_04","F4","4","5","4","1","2","5"
1350,"F5_01","F5","2","5","4","2","4","4"
1350,"F5_02","F5","5","5","4","1","4","2"
1350,"F5_03","F5","3","3","4","4","4","2"
1350,"F5_04","F5","2","5","4","2","2","4"
1350,"M1_01","M1","1","1","4","4","4","2"
1350,"M1_02","M1","2","5","4","1","5","1"
1350,"M1_03","M1","4","6","5","1","4","2"
1350,"M1_04","M1","2","5","4","4","4","2"
1350,"M2_01","M2","6","5","5","4","4","1"
1350,"M2_02","M2","6","1","4","2","0","1"
1350,"M2_03","M2","6","6","5","1","5","1"
1350,"M2_04","M2","5","6","4","0","4","4"
1350,"M3_01","M3","0","1","4","6","2","1"
1350,"M3_02","M3","1","1","4","5","2","2"
1350,"M3_03","M3","1","5","6","5","5","1"
1350,"M3_04","M3","1","1","5","4","5","0"
1350,"M4_01","M4","4","1","5","1","2","1"
1350,"M4_02","M4","6","5","5","1","2","5"
1350,"M4_03","M4","6","1","2","1","1","1"
1350,"M4_04","M4","4","6","4","1","4","4"
1350,"M5_01","M5","5","1","5","5","0","1"
1350,"M5_02","M5","1","1","5","6","4","1"
1350,"M5_03","M5","5","1","5","1","5","1"
1350,"M5_04","M5","2","5","5","4","2","2"
1350,"somewhatagree","attention_check","4","4","4","4","4","4"
1350,"somewhatdisagree","attention_check","2","2","2","2","2","2"
1350,"stronglyagree","attention_check","6","6","6","6","6","6"
1350,"stronglydisagree","attention_check","0","0","0","0","0","0"
1356,"F1_01","F1","3","3","3","3","3","3"
1356,"F1_02","F1","3","3","3","3","3","3"
1356,"F1_03","F1","3","3","3","3","3","3"
1356,"F1_04","F1","3","3","3","3","3","3"
1356,"F2_01","F2","3","3","3","3","3","3"
1356,"F2_02","F2","3","3","3","3","3","3"
1356,"F2_03","F2","3","3","3","3","3","3"
1356,"F2_04","F2","3","3","3","3","3","3"
1356,"F3_01","F3","3","3","3","3","3","3"
1356,"F3_02","F3","4","3","3","3","3","3"
1356,"F3_03","F3","3","3","3","3","3","3"
1356,"F3_04","F3","3","3","3","3","3","3"
1356,"F4_01","F4","3","3","3","3","3","3"
1356,"F4_02","F4","3","3","3","3","3","3"
1356,"F4_03","F4","3","3","3","3","3","3"
1356,"F4_04","F4","4","4","3","4","3","3"
1356,"F5_01","F5","3","3","3","3","3","3"
1356,"F5_02","F5","3","3","3","3","3","3"
1356,"F5_03","F5","3","3","3","3","3","3"
1356,"F5_04","F5","3","3","3","3","3","3"
1356,"M1_01","M1","3","3","3","3","3","3"
1356,"M1_02","M1","3","3","3","3","3","3"
1356,"M1_03","M1","3","3","3","3","3","3"
1356,"M1_04","M1","3","3","3","3","3","3"
1356,"M2_01","M2","3","3","3","3","3","3"
1356,"M2_02","M2","3","4","3","3","3","4"
1356,"M2_03","M2","3","3","3","3","3","3"
1356,"M2_04","M2","3","3","3","3","3","3"
1356,"M3_01","M3","3","3","3","3","3","3"
1356,"M3_02","M3","3","3","4","3","3","3"
1356,"M3_03","M3","3","3","3","3","3","3"
1356,"M3_04","M3","3","3","3","3","3","3"
1356,"M4_01","M4","3","3","3","3","3","3"
1356,"M4_02","M4","3","3","3","3","3","3"
1356,"M4_03","M4","3","3","3","3","3","3"
1356,"M4_04","M4","3","3","3","3","3","3"
1356,"M5_01","M5","3","3","3","3","3","3"
1356,"M5_02","M5","3","3","3","3","3","3"
1356,"M5_03","M5","3","3","3","3","3","3"
1356,"M5_04","M5","3","3","3","3","3","3"
1356,"somewhatagree","attention_check","3","3","3","3","3","3"
1356,"somewhatdisagree","attention_check","3","3","3","3","3","3"
1356,"stronglyagree","attention_check","3","3","3","3","3","3"
1356,"stronglydisagree","attention_check","3","3","3","3","3","3"
1368,"F1_01","F1","4","4","4","4","4","4"
1368,"F1_02","F1","4","4","4","4","4","4"
1368,"F1_03","F1","4","4","4","4","4","4"
1368,"F1_04","F1","4","4","4","4","4","3"
1368,"F2_01","F2","4","4","4","4","4","4"
1368,"F2_02","F2","2","4","5","4","5","3"
1368,"F2_03","F2","5","5","4","5","5","5"
1368,"F2_04","F2","3","5","4","4","4","3"
1368,"F3_01","F3","2","5","5","5","5","5"
1368,"F3_02","F3","3","5","5","5","5","5"
1368,"F3_03","F3","3","5","5","5","5","5"
1368,"F3_04","F3","5","5","5","5","5","5"
1368,"F4_01","F4","3","5","5","5","5","3"
1368,"F4_02","F4","3","5","5","5","5","3"
1368,"F4_03","F4","5","5","5","5","5","5"
1368,"F4_04","F4","4","4","4","4","4","4"
1368,"F5_01","F5","3","4","4","3","4","3"
1368,"F5_02","F5","2","4","5","4","5","3"
1368,"F5_03","F5","2","4","5","4","5","3"
1368,"F5_04","F5","2","5","5","4","5","3"
1368,"M1_01","M1","3","5","5","5","5","4"
1368,"M1_02","M1","3","5","5","5","5","3"
1368,"M1_03","M1","3","5","5","4","5","3"
1368,"M1_04","M1","2","5","6","5","6","2"
1368,"M2_01","M2","4","6","4","4","4","3"
1368,"M2_02","M2","6","6","5","2","5","3"
1368,"M2_03","M2","5","5","4","4","4","3"
1368,"M2_04","M2","4","5","4","3","4","3"
1368,"M3_01","M3","3","4","4","4","4","3"
1368,"M3_02","M3","4","4","4","4","4","3"
1368,"M3_03","M3","4","4","4","4","4","4"
1368,"M3_04","M3","3","5","5","5","5","3"
1368,"M4_01","M4","4","5","5","4","4","3"
1368,"M4_02","M4","6","5","5","4","5","3"
1368,"M4_03","M4","4","4","4","4","4","3"
1368,"M4_04","M4","5","4","4","4","4","3"
1368,"M5_01","M5","4","4","4","4","4","4"
1368,"M5_02","M5","3","5","5","5","5","2"
1368,"M5_03","M5","3","4","4","4","4","3"
1368,"M5_04","M5","5","4","4","4","3","3"
1368,"somewhatagree","attention_check","4","4","4","4","4","4"
1368,"somewhatdisagree","attention_check","2","2","2","2","2","2"
1368,"stronglyagree","attention_check","6","6","6","6","6","6"
1368,"stronglydisagree","attention_check","0","0","0","0","0","0"
1374,"F1_01","F1","4","4","3","3","3","4"
1374,"F1_02","F1","4","5","3","3","3","4"
1374,"F1_03","F1","3","4","3","3","3","3"
1374,"F1_04","F1","2","5","5","3","5","4"
1374,"F2_01","F2","1","5","4","4","4","4"
1374,"F2_02","F2","2","4","3","3","5","3"
1374,"F2_03","F2","4","5","4","4","4","5"
1374,"F2_04","F2","4","5","3","3","5","3"
1374,"F3_01","F3","2","5","3","4","3","5"
1374,"F3_02","F3","4","4","5","3","4","4"
1374,"F3_03","F3","5","5","5","4","5","4"
1374,"F3_04","F3","4","3","5","5","2","4"
1374,"F4_01","F4","4","5","3","3","4","4"
1374,"F4_02","F4","4","5","4","4","4","4"
1374,"F4_03","F4","3","5","3","3","5","5"
1374,"F4_04","F4","3","3","3","3","3","3"
1374,"F5_01","F5","1","5","3","3","3","3"
1374,"F5_02","F5","4","5","4","4","4","4"
1374,"F5_03","F5","2","5","3","3","4","3"
1374,"F5_04","F5","4","4","3","4","3","5"
1374,"M1_01","M1","3","5","3","3","3","4"
1374,"M1_02","M1","3","4","3","3","4","3"
1374,"M1_03","M1","3","3","6","5","1","4"
1374,"M1_04","M1","1","5","3","3","1","1"
1374,"M2_01","M2","5","6","3","3","4","4"
1374,"M2_02","M2","4","3","3","5","3","3"
1374,"M2_03","M2","4","4","4","4","4","4"
1374,"M2_04","M2","3","5","3","2","4","5"
1374,"M3_01","M3","1","4","3","3","3","1"
1374,"M3_02","M3","3","3","3","3","3","3"
1374,"M3_03","M3","3","5","3","3","4","3"
1374,"M3_04","M3","2","3","3","3","4","2"
1374,"M4_01","M4","2","5","3","3","3","3"
1374,"M4_02","M4","3","3","3","3","3","3"
1374,"M4_03","M4","3","3","3","3","3","3"
1374,"M4_04","M4","3","4","3","3","3","4"
1374,"M5_01","M5","1","1","3","5","1","1"
1374,"M5_02","M5","4","4","4","3","4","4"
1374,"M5_03","M5","1","5","3","3","3","3"
1374,"M5_04","M5","3","3","3","3","3","3"
1374,"somewhatagree","attention_check","3","1","3","5","1","1"
1374,"somewhatdisagree","attention_check","1","1","3","5","1","1"
1374,"stronglyagree","attention_check","1","1","3","5","1","1"
1374,"stronglydisagree","attention_check","1","1","3","6","0","1"
1378,"F1_01","F1","5","4","5","5","4","6"
1378,"F1_02","F1","5","5","5","4","1","4"
1378,"F1_03","F1","5","5","2","2","4","4"
1378,"F1_04","F1","5","3","5","1","1","5"
1378,"F2_01","F2","1","4","5","5","5","4"
1378,"F2_02","F2","1","5","2","5","5","2"
1378,"F2_03","F2","1","4","2","5","5","5"
1378,"F2_04","F2","5","6","1","4","5","4"
1378,"F3_01","F3","5","5","5","5","5","5"
1378,"F3_02","F3","5","6","5","1","1","6"
1378,"F3_03","F3","1","5","5","6","5","5"
1378,"F3_04","F3","2","1","5","5","4","6"
1378,"F4_01","F4","4","5","5","2","6","2"
1378,"F4_02","F4","1","4","5","1","5","1"
1378,"F4_03","F4","5","6","5","1","6","5"
1378,"F4_04","F4","2","5","5","2","5","3"
1378,"F5_01","F5","5","1","2","2","2","4"
1378,"F5_02","F5","5","4","5","2","1","2"
1378,"F5_03","F5","5","6","3","4","5","2"
1378,"F5_04","F5","2","5","4","2","2","2"
1378,"M1_01","M1","1","5","4","5","6","3"
1378,"M1_02","M1","2","2","5","4","1","1"
1378,"M1_03","M1","2","5","5","5","5","5"
1378,"M1_04","M1","3","4","6","5","4","0"
1378,"M2_01","M2","5","5","4","0","3","2"
1378,"M2_02","M2","5","6","5","1","6","1"
1378,"M2_03","M2","5","2","5","2","5","4"
1378,"M2_04","M2","5","6","5","1","6","5"
1378,"M3_01","M3","1","4","2","5","3","0"
1378,"M3_02","M3","2","2","2","4","5","4"
1378,"M3_03","M3","4","2","5","4","4","1"
1378,"M3_04","M3","1","5","6","5","5","0"
1378,"M4_01","M4","5","5","5","2","4","0"
1378,"M4_02","M4","5","5","6","1","5","5"
1378,"M4_03","M4","4","5","4","2","5","1"
1378,"M4_04","M4","4","6","5","1","4","1"
1378,"M5_01","M5","1","1","5","5","2","2"
1378,"M5_02","M5","5","4","5","5","4","3"
1378,"M5_03","M5","1","2","5","5","5","3"
1378,"M5_04","M5","5","4","4","4","2","4"
1378,"somewhatagree","attention_check","4","4","4","4","4","4"
1378,"somewhatdisagree","attention_check","2","2","2","2","2","2"
1378,"stronglyagree","attention_check","6","6","6","6","6","6"
1378,"stronglydisagree","attention_check","0","0","0","0","0","0"
1381,"F1_01","F1","5","5","4","2","2","5"
1381,"F1_02","F1","4","4","4","4","4","4"
1381,"F1_03","F1","4","5","4","2","5","4"
1381,"F1_04","F1","4","5","5","2","5","5"
1381,"F2_01","F2","4","4","4","4","4","4"
1381,"F2_02","F2","2","5","5","5","5","5"
1381,"F2_03","F2","2","5","5","3","5","4"
1381,"F2_04","F2","4","5","5","2","5","4"
1381,"F3_01","F3","2","4","5","5","5","5"
1381,"F3_02","F3","2","4","5","3","4","4"
1381,"F3_03","F3","4","4","4","4","4","4"
1381,"F3_04","F3","4","4","5","3","4","4"
1381,"F4_01","F4","2","5","5","4","6","5"
1381,"F4_02","F4","2","5","5","3","5","5"
1381,"F4_03","F4","4","4","3","3","4","4"
1381,"F4_04","F4","2","4","5","5","5","2"
1381,"F5_01","F5","5","4","5","2","5","4"
1381,"F5_02","F5","4","4","4","3","4","3"
1381,"F5_03","F5","2","4","5","5","5","4"
1381,"F5_04","F5","2","4","4","4","5","4"
1381,"M1_01","M1","4","5","5","4","5","4"
1381,"M1_02","M1","5","4","2","2","2","4"
1381,"M1_03","M1","4","5","4","2","4","5"
1381,"M1_04","M1","5","5","4","2","4","4"
1381,"M2_01","M2","4","6","5","2","6","4"
1381,"M2_02","M2","5","4","3","2","2","4"
1381,"M2_03","M2","5","5","5","5","4","5"
1381,"M2_04","M2","4","4","4","4","5","4"
1381,"M3_01","M3","4","5","5","4","5","4"
1381,"M3_02","M3","4","5","5","5","5","2"
1381,"M3_03","M3","4","4","5","4","4","4"
1381,"M3_04","M3","2","5","5","5","4","4"
1381,"M4_01","M4","4","4","4","4","4","4"
1381,"M4_02","M4","5","5","5","4","5","5"
1381,"M4_03","M4","3","4","4","4","5","4"
1381,"M4_04","M4","4","4","4","4","5","4"
1381,"M5_01","M5","5","4","5","5","4","3"
1381,"M5_02","M5","5","4","4","4","4","4"
1381,"M5_03","M5","4","5","5","4","5","4"
1381,"M5_04","M5","6","4","4","4","4","4"
1381,"somewhatagree","attention_check","4","4","4","4","4","4"
1381,"somewhatdisagree","attention_check","2","2","2","2","2","2"
1381,"stronglyagree","attention_check","6","6","6","6","6","6"
1381,"stronglydisagree","attention_check","0","0","0","0","0","0"
1383,"F1_01","F1","5","2","5","6","4","6"
1383,"F1_02","F1","5","5","3","4","4","2"
1383,"F1_03","F1","5","4","3","4","3","5"
1383,"F1_04","F1","5","5","3","2","3","5"
1383,"F2_01","F2","2","4","5","6","3","4"
1383,"F2_02","F2","1","4","5","5","4","4"
1383,"F2_03","F2","2","6","3","5","4","4"
1383,"F2_04","F2","4","5","5","3","4","4"
1383,"F3_01","F3","4","4","2","1","3","6"
1383,"F3_02","F3","5","3","5","2","0","5"
1383,"F3_03","F3","3","5","3","4","4","4"
1383,"F3_04","F3","2","3","3","5","4","4"
1383,"F4_01","F4","3","5","3","3","3","4"
1383,"F4_02","F4","1","6","5","5","4","5"
1383,"F4_03","F4","2","3","4","2","1","5"
1383,"F4_04","F4","1","4","4","4","3","4"
1383,"F5_01","F5","2","4","4","5","2","5"
1383,"F5_02","F5","2","6","4","5","6","3"
1383,"F5_03","F5","2","4","3","0","2","2"
1383,"F5_04","F5","2","2","3","0","1","6"
1383,"M1_01","M1","4","4","5","3","4","2"
1383,"M1_02","M1","3","6","3","0","4","4"
1383,"M1_03","M1","2","5","5","5","4","3"
1383,"M1_04","M1","4","1","5","6","2","3"
1383,"M2_01","M2","5","5","4","1","3","5"
1383,"M2_02","M2","5","5","4","2","2","2"
1383,"M2_03","M2","5","4","4","3","2","5"
1383,"M2_04","M2","5","6","3","1","2","6"
1383,"M3_01","M3","3","0","6","6","3","0"
1383,"M3_02","M3","2","5","3","4","2","4"
1383,"M3_03","M3","4","5","3","2","4","5"
1383,"M3_04","M3","3","5","4","4","5","3"
1383,"M4_01","M4","5","3","4","4","3","3"
1383,"M4_02","M4","5","4","4","2","4","5"
1383,"M4_03","M4","5","3","5","1","1","4"
1383,"M4_04","M4","5","6","4","1","6","5"
1383,"M5_01","M5","4","3","6","4","2","3"
1383,"M5_02","M5","4","2","4","2","3","3"
1383,"M5_03","M5","5","4","4","4","4","2"
1383,"M5_04","M5","5","1","4","5","2","5"
1383,"somewhatagree","attention_check","4","4","4","4","4","4"
1383,"somewhatdisagree","attention_check","2","2","2","2","2","2"
1383,"stronglyagree","attention_check","6","6","6","6","6","6"
1383,"stronglydisagree","attention_check","0","0","0","0","0","0"
1389,"F1_01","F1","3","5","3","4","2","4"
1389,"F1_02","F1","3","4","3","4","3","3"
1389,"F1_03","F1","4","5","3","1","4","1"
1389,"F1_04","F1","3","4","3","4","3","2"
1389,"F2_01","F2","2","4","3","4","3","3"
1389,"F2_02","F2","2","3","3","4","3","4"
1389,"F2_03","F2","2","4","3","4","2","4"
1389,"F2_04","F2","2","4","3","4","2","3"
1389,"F3_01","F3","2","5","2","3","3","5"
1389,"F3_02","F3","2","4","3","4","1","5"
1389,"F3_03","F3","2","2","3","4","2","3"
1389,"F3_04","F3","2","4","3","4","3","3"
1389,"F4_01","F4","2","4","3","4","3","3"
1389,"F4_02","F4","3","5","3","2","3","5"
1389,"F4_03","F4","2","5","3","3","3","5"
1389,"F4_04","F4","2","4","3","4","3","3"
1389,"F5_01","F5","3","4","3","4","2","3"
1389,"F5_02","F5","2","2","4","4","2","2"
1389,"F5_03","F5","4","5","3","2","3","3"
1389,"F5_04","F5","4","5","3","2","2","4"
1389,"M1_01","M1","3","5","3","4","4","4"
1389,"M1_02","M1","3","4","3","4","3","3"
1389,"M1_03","M1","2","4","4","4","4","3"
1389,"M1_04","M1","3","5","3","4","4","2"
1389,"M2_01","M2","4","5","3","1","3","3"
1389,"M2_02","M2","4","5","3","3","4","4"
1389,"M2_03","M2","4","5","3","2","2","4"
1389,"M2_04","M2","2","5","3","2","3","4"
1389,"M3_01","M3","2","2","3","5","2","3"
1389,"M3_02","M3","1","2","3","5","3","2"
1389,"M3_03","M3","3","2","3","4","3","2"
1389,"M3_04","M3","2","4","3","4","3","3"
1389,"M4_01","M4","3","5","3","3","3","3"
1389,"M4_02","M4","4","5","3","2","4","5"
1389,"M4_03","M4","3","5","4","3","4","3"
1389,"M4_04","M4","4","5","3","2","3","4"
1389,"M5_01","M5","3","2","3","4","2","3"
1389,"M5_02","M5","3","3","3","4","1","4"
1389,"M5_03","M5","2","5","3","4","2","2"
1389,"M5_04","M5","3","5","3","4","2","2"
1389,"somewhatagree","attention_check","4","4","4","4","4","4"
1389,"somewhatdisagree","attention_check","2","2","2","2","2","2"
1389,"stronglyagree","attention_check","6","6","6","6","6","6"
1389,"stronglydisagree","attention_check","0","0","0","0","0","0"
1396,"F1_01","F1","6","6","5","3","3","3"
1396,"F1_02","F1","3","6","4","3","3","3"
1396,"F1_03","F1","6","6","4","3","3","3"
1396,"F1_04","F1","4","6","5","4","4","3"
1396,"F2_01","F2","3","6","3","6","3","3"
1396,"F2_02","F2","3","6","5","4","5","3"
1396,"F2_03","F2","4","6","4","4","4","3"
1396,"F2_04","F2","2","6","4","5","4","3"
1396,"F3_01","F3","3","6","4","4","3","3"
1396,"F3_02","F3","4","6","4","4","3","3"
1396,"F3_03","F3","5","6","5","4","4","3"
1396,"F3_04","F3","4","6","5","4","3","3"
1396,"F4_01","F4","5","6","5","4","3","3"
1396,"F4_02","F4","3","6","5","4","3","3"
1396,"F4_03","F4","3","6","5","4","3","3"
1396,"F4_04","F4","3","6","3","6","6","3"
1396,"F5_01","F5","4","4","4","4","4","3"
1396,"F5_02","F5","3","6","4","4","3","3"
1396,"F5_03","F5","5","6","5","4","3","3"
1396,"F5_04","F5","3","6","5","3","3","3"
1396,"M1_01","M1","4","6","5","4","4","3"
1396,"M1_02","M1","4","6","4","4","4","3"
1396,"M1_03","M1","3","6","5","4","3","3"
1396,"M1_04","M1","3","6","5","3","3","3"
1396,"M2_01","M2","6","6","4","4","3","3"
1396,"M2_02","M2","5","6","4","3","3","3"
1396,"M2_03","M2","4","6","4","3","3","3"
1396,"M2_04","M2","6","6","5","3","3","3"
1396,"M3_01","M3","3","6","4","4","3","3"
1396,"M3_02","M3","3","6","4","4","3","3"
1396,"M3_03","M3","3","3","3","3","3","3"
1396,"M3_04","M3","3","6","6","5","3","3"
1396,"M4_01","M4","4","4","4","4","3","3"
1396,"M4_02","M4","4","4","4","3","3","3"
1396,"M4_03","M4","5","6","5","4","3","3"
1396,"M4_04","M4","4","6","4","4","4","3"
1396,"M5_01","M5","4","6","5","4","3","3"
1396,"M5_02","M5","4","6","5","4","4","3"
1396,"M5_03","M5","3","6","4","3","3","3"
1396,"M5_04","M5","5","6","4","3","3","3"
1396,"somewhatagree","attention_check","4","4","4","4","4","4"
1396,"somewhatdisagree","attention_check","2","2","2","2","2","2"
1396,"stronglyagree","attention_check","6","6","6","6","6","6"
1396,"stronglydisagree","attention_check","0","0","0","0","0","0"
1424,"F1_01","F1","4","3","4","4","4","6"
1424,"F1_02","F1","3","4","4","4","4","4"
1424,"F1_03","F1","3","4","4","4","4","3"
1424,"F1_04","F1","4","3","4","4","4","4"
1424,"F2_01","F2","4","4","4","5","4","4"
1424,"F2_02","F2","2","6","1","1","6","4"
1424,"F2_03","F2","3","4","4","4","4","4"
1424,"F2_04","F2","4","6","3","2","4","4"
1424,"F3_01","F3","3","4","3","5","4","6"
1424,"F3_02","F3","5","3","3","2","3","5"
1424,"F3_03","F3","2","4","3","3","4","3"
1424,"F3_04","F3","4","4","5","5","4","4"
1424,"F4_01","F4","4","4","3","3","3","3"
1424,"F4_02","F4","4","4","5","2","2","4"
1424,"F4_03","F4","4","4","3","4","4","6"
1424,"F4_04","F4","4","4","4","4","4","3"
1424,"F5_01","F5","3","4","4","4","3","3"
1424,"F5_02","F5","3","4","4","4","2","3"
1424,"F5_03","F5","4","4","4","4","4","4"
1424,"F5_04","F5","2","6","4","4","6","4"
1424,"M1_01","M1","3","4","4","2","4","3"
1424,"M1_02","M1","5","3","3","4","3","4"
1424,"M1_03","M1","3","4","6","4","4","3"
1424,"M1_04","M1","4","4","4","4","3","4"
1424,"M2_01","M2","4","3","3","3","3","4"
1424,"M2_02","M2","4","4","4","4","4","2"
1424,"M2_03","M2","5","4","3","4","4","3"
1424,"M2_04","M2","5","5","3","2","4","6"
1424,"M3_01","M3","4","2","6","6","2","1"
1424,"M3_02","M3","4","2","4","4","3","2"
1424,"M3_03","M3","3","4","4","4","3","3"
1424,"M3_04","M3","4","4","4","6","4","2"
1424,"M4_01","M4","3","4","4","4","4","4"
1424,"M4_02","M4","3","4","4","2","4","4"
1424,"M4_03","M4","3","3","3","4","2","2"
1424,"M4_04","M4","4","3","3","4","4","4"
1424,"M5_01","M5","4","3","6","5","2","2"
1424,"M5_02","M5","3","2","4","5","2","2"
1424,"M5_03","M5","3","4","3","4","2","3"
1424,"M5_04","M5","4","4","4","4","4","4"
1424,"somewhatagree","attention_check","4","4","4","4","4","4"
1424,"somewhatdisagree","attention_check","2","2","2","2","2","2"
1424,"stronglyagree","attention_check","6","6","6","6","6","6"
1424,"stronglydisagree","attention_check","0","0","0","0","0","0"
1425,"F1_01","F1","4","5","5","3","4","5"
1425,"F1_02","F1","4","4","5","3","3","3"
1425,"F1_03","F1","5","2","3","5","3","1"
1425,"F1_04","F1","3","4","4","3","3","4"
1425,"F2_01","F2","1","3","5","4","5","1"
1425,"F2_02","F2","3","3","3","4","2","1"
1425,"F2_03","F2","2","3","3","5","3","3"
1425,"F2_04","F2","3","4","3","4","4","2"
1425,"F3_01","F3","3","3","4","6","3","5"
1425,"F3_02","F3","2","3","6","4","3","3"
1425,"F3_03","F3","2","3","3","4","3","5"
1425,"F3_04","F3","2","3","3","4","3","4"
1425,"F4_01","F4","1","4","5","4","4","3"
1425,"F4_02","F4","3","4","5","3","4","4"
1425,"F4_03","F4","3","4","5","3","4","5"
1425,"F4_04","F4","3","4","4","3","3","5"
1425,"F5_01","F5","3","4","5","3","4","3"
1425,"F5_02","F5","4","5","5","3","4","1"
1425,"F5_03","F5","3","4","3","3","3","2"
1425,"F5_04","F5","4","4","5","3","3","4"
1425,"M1_01","M1","3","5","5","3","4","4"
1425,"M1_02","M1","4","3","4","3","3","2"
1425,"M1_03","M1","2","5","3","3","4","3"
1425,"M1_04","M1","3","2","4","5","3","1"
1425,"M2_01","M2","3","6","5","3","5","4"
1425,"M2_02","M2","3","3","3","4","4","2"
1425,"M2_03","M2","3","5","5","3","5","4"
1425,"M2_04","M2","3","6","6","2","5","5"
1425,"M3_01","M3","4","1","3","5","1","0"
1425,"M3_02","M3","3","2","4","6","1","1"
1425,"M3_03","M3","3","3","5","4","4","1"
1425,"M3_04","M3","4","3","5","4","3","1"
1425,"M4_01","M4","3","4","4","3","3","2"
1425,"M4_02","M4","4","5","6","2","4","4"
1425,"M4_03","M4","4","5","5","3","4","2"
1425,"M4_04","M4","4","4","5","3","3","5"
1425,"M5_01","M5","4","3","4","4","3","1"
1425,"M5_02","M5","4","3","4","3","3","3"
1425,"M5_03","M5","3","2","3","4","3","1"
1425,"M5_04","M5","3","4","4","3","3","3"
1425,"somewhatagree","attention_check","4","4","4","4","4","4"
1425,"somewhatdisagree","attention_check","2","2","2","2","2","2"
1425,"stronglyagree","attention_check","6","6","6","6","6","6"
1425,"stronglydisagree","attention_check","0","0","0","0","0","0"
1452,"F1_01","F1","3","3","3","3","3","5"
1452,"F1_02","F1","3","4","4","3","3","3"
1452,"F1_03","F1","4","4","3","2","3","3"
1452,"F1_04","F1","3","3","4","3","3","4"
1452,"F2_01","F2","1","3","4","5","3","3"
1452,"F2_02","F2","2","3","4","4","3","3"
1452,"F2_03","F2","2","3","3","4","3","3"
1452,"F2_04","F2","2","3","3","4","3","3"
1452,"F3_01","F3","2","3","3","4","3","4"
1452,"F3_02","F3","3","3","4","3","3","3"
1452,"F3_03","F3","3","3","4","3","3","3"
1452,"F3_04","F3","2","3","3","5","3","3"
1452,"F4_01","F4","3","4","3","3","3","3"
1452,"F4_02","F4","2","4","3","3","3","3"
1452,"F4_03","F4","2","4","3","3","3","4"
1452,"F4_04","F4","3","4","3","3","3","4"
1452,"F5_01","F5","3","3","3","3","3","3"
1452,"F5_02","F5","3","4","3","3","3","3"
1452,"F5_03","F5","2","4","3","3","3","3"
1452,"F5_04","F5","3","4","3","3","3","3"
1452,"M1_01","M1","3","4","4","3","3","4"
1452,"M1_02","M1","2","4","3","3","3","3"
1452,"M1_03","M1","3","4","4","3","3","4"
1452,"M1_04","M1","3","4","3","3","3","4"
1452,"M2_01","M2","4","5","3","2","3","6"
1452,"M2_02","M2","3","3","3","3","3","4"
1452,"M2_03","M2","3","3","3","2","3","6"
1452,"M2_04","M2","4","4","3","3","3","4"
1452,"M3_01","M3","2","3","3","4","3","2"
1452,"M3_02","M3","2","3","3","4","3","3"
1452,"M3_03","M3","2","3","3","3","3","2"
1452,"M3_04","M3","3","3","3","3","3","2"
1452,"M4_01","M4","3","3","3","3","3","3"
1452,"M4_02","M4","3","4","3","3","4","4"
1452,"M4_03","M4","3","3","3","3","3","3"
1452,"M4_04","M4","3","4","3","3","3","5"
1452,"M5_01","M5","3","3","4","4","2","3"
1452,"M5_02","M5","3","4","4","3","3","3"
1452,"M5_03","M5","3","3","3","3","3","3"
1452,"M5_04","M5","3","3","4","4","2","3"
1452,"somewhatagree","attention_check","4","4","4","4","4","4"
1452,"somewhatdisagree","attention_check","2","2","2","2","2","2"
1452,"stronglyagree","attention_check","6","6","6","6","6","6"
1452,"stronglydisagree","attention_check","0","0","0","0","0","0"
1461,"F1_01","F1","6","1","5","2","1","5"
1461,"F1_02","F1","5","4","2","2","2","3"
1461,"F1_03","F1","2","4","4","5","4","2"
1461,"F1_04","F1","4","4","4","2","4","3"
1461,"F2_01","F2","1","4","5","6","5","2"
1461,"F2_02","F2","0","4","5","5","4","4"
1461,"F2_03","F2","1","2","5","6","3","4"
1461,"F2_04","F2","1","5","6","5","5","4"
1461,"F3_01","F3","2","2","4","5","3","5"
1461,"F3_02","F3","5","4","6","4","2","5"
1461,"F3_03","F3","5","4","5","5","4","4"
1461,"F3_04","F3","1","3","5","5","5","4"
1461,"F4_01","F4","1","4","5","2","5","3"
1461,"F4_02","F4","1","4","5","1","4","5"
1461,"F4_03","F4","4","4","5","4","2","6"
1461,"F4_04","F4","1","4","5","2","4","4"
1461,"F5_01","F5","4","4","5","2","4","3"
1461,"F5_02","F5","2","4","4","4","4","4"
1461,"F5_03","F5","1","5","4","4","5","1"
1461,"F5_04","F5","4","4","4","1","2","2"
1461,"M1_01","M1","2","5","5","5","5","3"
1461,"M1_02","M1","0","4","4","5","4","1"
1461,"M1_03","M1","1","4","5","5","5","2"
1461,"M1_04","M1","2","4","5","4","4","2"
1461,"M2_01","M2","5","6","5","2","2","2"
1461,"M2_02","M2","5","6","5","2","4","1"
1461,"M2_03","M2","6","5","5","1","5","3"
1461,"M2_04","M2","6","4","5","5","1","4"
1461,"M3_01","M3","1","4","6","6","5","1"
1461,"M3_02","M3","1","2","5","6","4","2"
1461,"M3_03","M3","2","3","4","5","5","3"
1461,"M3_04","M3","4","5","5","5","5","2"
1461,"M4_01","M4","2","4","5","4","4","2"
1461,"M4_02","M4","2","5","5","1","5","3"
1461,"M4_03","M4","6","4","4","4","2","1"
1461,"M4_04","M4","6","5","4","1","5","2"
1461,"M5_01","M5","5","4","5","6","4","3"
1461,"M5_02","M5","0","5","5","6","5","2"
1461,"M5_03","M5","1","5","4","4","5","0"
1461,"M5_04","M5","1","5","5","5","5","1"
1461,"somewhatagree","attention_check","4","4","4","4","4","4"
1461,"somewhatdisagree","attention_check","2","2","2","2","2","2"
1461,"stronglyagree","attention_check","6","6","6","6","6","6"
1461,"stronglydisagree","attention_check","0","0","0","0","0","0"
1465,"F1_01","F1","2","4","4","4","3","4"
1465,"F1_02","F1","5","3","3","4","1","3"
1465,"F1_03","F1","4","3","3","4","3","4"
1465,"F1_04","F1","2","4","4","5","4","4"
1465,"F2_01","F2","2","4","4","5","5","3"
1465,"F2_02","F2","1","5","5","4","5","6"
1465,"F2_03","F2","2","6","4","5","5","4"
1465,"F2_04","F2","1","5","4","5","5","4"
1465,"F3_01","F3","2","2","4","4","2","5"
1465,"F3_02","F3","2","5","4","5","5","3"
1465,"F3_03","F3","2","2","3","5","3","4"
1465,"F3_04","F3","3","2","4","4","3","4"
1465,"F4_01","F4","2","5","4","4","4","4"
1465,"F4_02","F4","2","5","4","4","5","4"
1465,"F4_03","F4","1","5","4","5","5","6"
1465,"F4_04","F4","2","5","4","4","4","4"
1465,"F5_01","F5","2","5","3","4","4","4"
1465,"F5_02","F5","3","4","3","4","3","2"
1465,"F5_03","F5","4","2","3","4","2","3"
1465,"F5_04","F5","3","3","4","4","3","5"
1465,"M1_01","M1","1","5","5","5","4","4"
1465,"M1_02","M1","4","2","3","4","3","2"
1465,"M1_03","M1","3","4","5","5","3","4"
1465,"M1_04","M1","2","5","4","4","4","2"
1465,"M2_01","M2","1","5","4","4","5","3"
1465,"M2_02","M2","4","2","3","4","2","2"
1465,"M2_03","M2","2","4","4","4","4","3"
1465,"M2_04","M2","2","6","4","4","4","5"
1465,"M3_01","M3","3","2","3","5","3","2"
1465,"M3_02","M3","3","3","3","4","2","3"
1465,"M3_03","M3","2","5","3","4","5","3"
1465,"M3_04","M3","2","4","4","5","4","2"
1465,"M4_01","M4","3","3","3","4","3","3"
1465,"M4_02","M4","2","5","5","4","3","4"
1465,"M4_03","M4","3","5","4","4","4","3"
1465,"M4_04","M4","2","5","4","5","4","5"
1465,"M5_01","M5","2","4","5","5","3","2"
1465,"M5_02","M5","4","2","3","5","3","4"
1465,"M5_03","M5","2","4","4","4","4","3"
1465,"M5_04","M5","2","5","4","5","4","4"
1465,"somewhatagree","attention_check","4","4","4","4","4","4"
1465,"somewhatdisagree","attention_check","2","2","2","2","2","2"
1465,"stronglyagree","attention_check","6","6","6","6","6","6"
1465,"stronglydisagree","attention_check","0","0","0","0","0","0"
1466,"F1_01","F1","2","3","3","3","2","4"
1466,"F1_02","F1","2","4","3","2","3","2"
1466,"F1_03","F1","2","3","3","2","3","2"
1466,"F1_04","F1","2","3","2","3","3","2"
1466,"F2_01","F2","2","3","3","4","3","4"
1466,"F2_02","F2","2","4","4","5","4","2"
1466,"F2_03","F2","2","3","3","2","3","2"
1466,"F2_04","F2","2","3","3","4","3","2"
1466,"F3_01","F3","2","2","3","4","3","4"
1466,"F3_02","F3","2","3","3","3","2","4"
1466,"F3_03","F3","2","3","4","4","4","3"
1466,"F3_04","F3","1","3","3","4","3","2"
1466,"F4_01","F4","2","3","3","3","2","1"
1466,"F4_02","F4","2","4","3","4","3","2"
1466,"F4_03","F4","3","2","3","2","2","5"
1466,"F4_04","F4","2","3","4","4","4","2"
1466,"F5_01","F5","1","4","3","2","4","2"
1466,"F5_02","F5","2","3","2","3","4","3"
1466,"F5_03","F5","2","3","3","2","3","2"
1466,"F5_04","F5","3","2","3","2","3","5"
1466,"M1_01","M1","2","3","2","2","2","1"
1466,"M1_02","M1","3","3","4","2","3","2"
1466,"M1_03","M1","3","2","3","4","2","2"
1466,"M1_04","M1","2","4","3","4","4","2"
1466,"M2_01","M2","4","5","3","1","3","1"
1466,"M2_02","M2","3","4","3","2","3","3"
1466,"M2_03","M2","4","2","4","0","2","2"
1466,"M2_04","M2","2","4","2","1","2","4"
1466,"M3_01","M3","1","2","3","6","4","2"
1466,"M3_02","M3","2","3","3","5","3","2"
1466,"M3_03","M3","2","3","3","4","3","2"
1466,"M3_04","M3","2","4","4","4","4","2"
1466,"M4_01","M4","2","4","4","5","3","3"
1466,"M4_02","M4","2","3","2","2","2","2"
1466,"M4_03","M4","2","3","3","3","3","2"
1466,"M4_04","M4","2","4","3","4","3","2"
1466,"M5_01","M5","2","4","4","4","3","2"
1466,"M5_02","M5","2","4","4","4","4","2"
1466,"M5_03","M5","2","3","2","3","2","1"
1466,"M5_04","M5","3","3","3","4","4","2"
1466,"somewhatagree","attention_check","4","4","4","4","4","4"
1466,"somewhatdisagree","attention_check","2","2","2","2","2","2"
1466,"stronglyagree","attention_check","6","6","6","6","6","6"
1466,"stronglydisagree","attention_check","0","0","0","0","0","0"
1474,"F1_01","F1","6","4","3","6","6","0"
1474,"F1_02","F1","1","2","6","5","3","0"
1474,"F1_03","F1","2","6","6","6","6","1"
1474,"F1_04","F1","2","5","5","5","3","4"
1474,"F2_01","F2","1","1","6","6","6","1"
1474,"F2_02","F2","2","5","5","5","2","5"
1474,"F2_03","F2","1","5","1","5","1","5"
1474,"F2_04","F2","1","3","5","5","1","2"
1474,"F3_01","F3","3","1","6","6","6","2"
1474,"F3_02","F3","2","2","6","5","5","3"
1474,"F3_03","F3","5","5","5","5","5","3"
1474,"F3_04","F3","2","3","5","4","5","0"
1474,"F4_01","F4","5","4","5","4","4","2"
1474,"F4_02","F4","2","4","5","4","5","0"
1474,"F4_03","F4","2","6","4","3","5","6"
1474,"F4_04","F4","2","3","6","5","6","0"
1474,"F5_01","F5","5","2","3","5","3","0"
1474,"F5_02","F5","2","5","5","3","0","5"
1474,"F5_03","F5","3","5","3","5","3","6"
1474,"F5_04","F5","4","5","5","5","5","3"
1474,"M1_01","M1","1","4","4","5","3","0"
1474,"M1_02","M1","1","4","5","4","5","1"
1474,"M1_03","M1","2","4","5","5","5","1"
1474,"M1_04","M1","1","3","6","5","6","1"
1474,"M2_01","M2","3","4","3","5","5","2"
1474,"M2_02","M2","4","4","5","4","5","3"
1474,"M2_03","M2","3","0","3","0","4","0"
1474,"M2_04","M2","2","0","2","0","3","0"
1474,"M3_01","M3","4","0","6","6","2","0"
1474,"M3_02","M3","5","2","3","5","2","6"
1474,"M3_03","M3","1","1","6","6","5","0"
1474,"M3_04","M3","6","5","6","6","6","5"
1474,"M4_01","M4","5","5","5","5","5","2"
1474,"M4_02","M4","6","1","6","6","2","2"
1474,"M4_03","M4","3","5","2","5","5","1"
1474,"M4_04","M4","4","4","4","4","4","3"
1474,"M5_01","M5","5","1","5","6","2","1"
1474,"M5_02","M5","2","2","6","5","5","1"
1474,"M5_03","M5","2","4","6","5","6","1"
1474,"M5_04","M5","5","4","5","4","5","2"
1474,"somewhatagree","attention_check","4","4","4","4","4","4"
1474,"somewhatdisagree","attention_check","2","2","2","2","2","2"
1474,"stronglyagree","attention_check","6","6","6","6","6","0"
1474,"stronglydisagree","attention_check","2","3","4","6","5","1"
1480,"F1_01","F1","4","5","4","1","1","5"
1480,"F1_02","F1","1","5","5","2","2","4"
1480,"F1_03","F1","1","5","4","1","1","1"
1480,"F1_04","F1","2","5","4","1","2","4"
1480,"F2_01","F2","1","2","4","5","2","4"
1480,"F2_02","F2","1","2","2","5","4","4"
1480,"F2_03","F2","1","4","2","5","4","4"
1480,"F2_04","F2","1","1","4","6","4","4"
1480,"F3_01","F3","2","4","5","5","5","6"
1480,"F3_02","F3","4","4","4","5","4","4"
1480,"F3_03","F3","4","2","4","5","4","4"
1480,"F3_04","F3","2","2","4","5","4","4"
1480,"F4_01","F4","2","4","2","2","2","4"
1480,"F4_02","F4","4","5","4","2","4","4"
1480,"F4_03","F4","1","4","4","1","2","5"
1480,"F4_04","F4","1","5","4","2","2","4"
1480,"F5_01","F5","5","6","4","1","2","2"
1480,"F5_02","F5","2","4","5","2","2","2"
1480,"F5_03","F5","5","4","5","2","2","1"
1480,"F5_04","F5","5","5","4","1","4","5"
1480,"M1_01","M1","2","4","5","2","4","4"
1480,"M1_02","M1","2","5","5","2","2","4"
1480,"M1_03","M1","1","4","5","2","2","4"
1480,"M1_04","M1","5","2","4","2","2","1"
1480,"M2_01","M2","5","5","4","1","1","2"
1480,"M2_02","M2","4","5","4","1","2","2"
1480,"M2_03","M2","5","5","4","1","4","2"
1480,"M2_04","M2","5","5","4","1","1","4"
1480,"M3_01","M3","1","1","4","5","5","1"
1480,"M3_02","M3","1","4","4","5","2","1"
1480,"M3_03","M3","5","2","5","4","2","1"
1480,"M3_04","M3","1","1","4","6","4","1"
1480,"M4_01","M4","2","5","2","2","2","4"
1480,"M4_02","M4","5","5","5","1","2","5"
1480,"M4_03","M4","5","5","4","1","2","2"
1480,"M4_04","M4","5","6","4","1","4","4"
1480,"M5_01","M5","2","2","5","5","2","1"
1480,"M5_02","M5","2","2","4","5","4","4"
1480,"M5_03","M5","1","1","5","5","4","2"
1480,"M5_04","M5","5","6","5","2","2","1"
1480,"somewhatagree","attention_check","4","4","4","4","4","4"
1480,"somewhatdisagree","attention_check","2","2","2","2","2","2"
1480,"stronglyagree","attention_check","6","6","6","6","6","6"
1480,"stronglydisagree","attention_check","0","0","0","0","0","0"
1487,"F1_01","F1","4","3","5","2","2","4"
1487,"F1_02","F1","5","2","4","2","1","1"
1487,"F1_03","F1","5","3","3","2","1","1"
1487,"F1_04","F1","4","4","5","3","4","3"
1487,"F2_01","F2","1","4","5","5","4","3"
1487,"F2_02","F2","1","4","5","3","6","5"
1487,"F2_03","F2","1","3","3","4","3","4"
1487,"F2_04","F2","1","4","4","5","5","3"
1487,"F3_01","F3","2","4","4","4","5","4"
1487,"F3_02","F3","3","3","4","3","3","4"
1487,"F3_03","F3","1","4","4","4","4","3"
1487,"F3_04","F3","3","4","5","3","3","3"
1487,"F4_01","F4","3","5","3","4","4","4"
1487,"F4_02","F4","1","6","5","1","5","4"
1487,"F4_03","F4","3","4","6","3","5","5"
1487,"F4_04","F4","3","4","4","3","3","2"
1487,"F5_01","F5","1","4","4","5","3","4"
1487,"F5_02","F5","4","3","4","3","2","0"
1487,"F5_03","F5","3","5","6","3","3","1"
1487,"F5_04","F5","5","3","4","1","4","4"
1487,"M1_01","M1","3","4","5","3","4","4"
1487,"M1_02","M1","3","5","4","2","3","3"
1487,"M1_03","M1","4","4","5","1","4","3"
1487,"M1_04","M1","4","3","4","3","3","1"
1487,"M2_01","M2","3","6","6","0","6","4"
1487,"M2_02","M2","4","3","4","1","4","3"
1487,"M2_03","M2","5","5","5","2","5","3"
1487,"M2_04","M2","5","5","6","0","6","5"
1487,"M3_01","M3","1","5","4","6","4","3"
1487,"M3_02","M3","1","2","4","6","1","2"
1487,"M3_03","M3","1","6","6","1","5","1"
1487,"M3_04","M3","1","5","4","5","4","2"
1487,"M4_01","M4","3","4","4","3","3","3"
1487,"M4_02","M4","5","5","5","1","4","4"
1487,"M4_03","M4","4","5","4","2","4","1"
1487,"M4_04","M4","5","4","4","1","3","5"
1487,"M5_01","M5","1","3","6","6","3","1"
1487,"M5_02","M5","5","3","5","4","2","0"
1487,"M5_03","M5","4","4","3","3","3","2"
1487,"M5_04","M5","4","4","4","4","3","1"
1487,"somewhatagree","attention_check","4","4","4","4","4","4"
1487,"somewhatdisagree","attention_check","2","2","2","2","2","2"
1487,"stronglyagree","attention_check","6","6","6","6","6","6"
1487,"stronglydisagree","attention_check","0","0","0","0","0","0"
1513,"F1_01","F1","4","4","4","4","4","4"
1513,"F1_02","F1","4","4","4","4","4","4"
1513,"F1_03","F1","5","5","5","5","4","5"
1513,"F1_04","F1","3","3","3","3","3","3"
1513,"F2_01","F2","5","5","5","5","5","5"
1513,"F2_02","F2","5","5","5","5","5","5"
1513,"F2_03","F2","4","3","3","3","3","3"
1513,"F2_04","F2","4","4","4","4","4","4"
1513,"F3_01","F3","5","4","5","4","4","5"
1513,"F3_02","F3","4","5","4","4","5","6"
1513,"F3_03","F3","4","4","4","4","4","4"
1513,"F3_04","F3","2","3","4","4","3","4"
1513,"F4_01","F4","3","3","3","3","3","3"
1513,"F4_02","F4","4","4","4","4","4","4"
1513,"F4_03","F4","5","5","5","5","4","5"
1513,"F4_04","F4","5","5","5","5","5","5"
1513,"F5_01","F5","5","5","5","5","5","5"
1513,"F5_02","F5","3","4","4","4","4","4"
1513,"F5_03","F5","3","4","4","3","4","3"
1513,"F5_04","F5","3","4","4","4","4","4"
1513,"M1_01","M1","5","5","5","5","5","5"
1513,"M1_02","M1","3","3","3","3","3","3"
1513,"M1_03","M1","2","4","4","4","3","4"
1513,"M1_04","M1","3","5","5","5","4","5"
1513,"M2_01","M2","3","3","3","3","4","3"
1513,"M2_02","M2","5","5","5","5","5","5"
1513,"M2_03","M2","6","5","5","5","4","5"
1513,"M2_04","M2","4","4","4","4","4","4"
1513,"M3_01","M3","3","3","3","3","3","3"
1513,"M3_02","M3","4","4","4","4","4","4"
1513,"M3_03","M3","4","4","4","4","4","4"
1513,"M3_04","M3","5","4","5","4","4","4"
1513,"M4_01","M4","4","5","5","5","4","5"
1513,"M4_02","M4","6","6","6","6","5","6"
1513,"M4_03","M4","6","5","5","5","4","6"
1513,"M4_04","M4","4","5","4","5","4","5"
1513,"M5_01","M5","6","5","6","5","5","5"
1513,"M5_02","M5","5","5","5","5","5","5"
1513,"M5_03","M5","4","4","4","4","4","4"
1513,"M5_04","M5","6","6","4","5","4","4"
1513,"somewhatagree","attention_check","4","4","4","4","4","4"
1513,"somewhatdisagree","attention_check","2","2","2","2","2","2"
1513,"stronglyagree","attention_check","6","6","6","6","6","6"
1513,"stronglydisagree","attention_check","0","0","0","0","0","0"
1542,"F1_01","F1","4","5","3","4","4","6"
1542,"F1_02","F1","2","5","3","2","4","5"
1542,"F1_03","F1","2","6","3","2","2","6"
1542,"F1_04","F1","2","4","4","2","4","6"
1542,"F2_01","F2","4","2","4","4","2","5"
1542,"F2_02","F2","2","2","4","4","4","6"
1542,"F2_03","F2","4","2","4","4","1","5"
1542,"F2_04","F2","1","4","4","5","4","4"
1542,"F3_01","F3","4","1","4","4","1","6"
1542,"F3_02","F3","4","6","4","2","4","6"
1542,"F3_03","F3","5","4","3","4","4","5"
1542,"F3_04","F3","2","4","3","5","4","5"
1542,"F4_01","F4","1","5","4","2","4","5"
1542,"F4_02","F4","2","5","4","2","4","6"
1542,"F4_03","F4","2","5","4","2","4","6"
1542,"F4_04","F4","4","5","3","2","4","5"
1542,"F5_01","F5","3","5","2","2","4","6"
1542,"F5_02","F5","2","6","3","2","4","4"
1542,"F5_03","F5","2","4","4","2","4","4"
1542,"F5_04","F5","4","6","3","2","4","6"
1542,"M1_01","M1","2","6","4","2","4","5"
1542,"M1_02","M1","4","5","4","2","4","5"
1542,"M1_03","M1","2","5","4","2","4","4"
1542,"M1_04","M1","2","4","4","2","4","4"
1542,"M2_01","M2","3","5","4","2","4","5"
1542,"M2_02","M2","4","6","4","2","4","5"
1542,"M2_03","M2","5","5","4","1","2","5"
1542,"M2_04","M2","2","6","4","2","5","6"
1542,"M3_01","M3","0","4","4","6","4","2"
1542,"M3_02","M3","1","2","4","6","4","2"
1542,"M3_03","M3","2","4","4","4","4","6"
1542,"M3_04","M3","0","4","5","4","5","2"
1542,"M4_01","M4","2","6","4","2","4","5"
1542,"M4_02","M4","4","5","4","2","4","6"
1542,"M4_03","M4","5","4","4","2","2","5"
1542,"M4_04","M4","4","4","4","2","4","5"
1542,"M5_01","M5","5","4","3","3","3","5"
1542,"M5_02","M5","4","6","3","2","4","5"
1542,"M5_03","M5","2","5","4","2","5","4"
1542,"M5_04","M5","4","2","3","3","2","5"
1542,"somewhatagree","attention_check","4","4","4","4","4","4"
1542,"somewhatdisagree","attention_check","2","2","2","2","2","2"
1542,"stronglyagree","attention_check","6","6","6","6","6","6"
1542,"stronglydisagree","attention_check","0","0","0","0","0","0"
1543,"F1_01","F1","3","2","4","5","2","2"
1543,"F1_02","F1","1","4","5","5","4","1"
1543,"F1_03","F1","4","5","3","4","5","4"
1543,"F1_04","F1","1","5","5","5","5","1"
1543,"F2_01","F2","1","5","5","5","5","1"
1543,"F2_02","F2","1","5","5","5","5","2"
1543,"F2_03","F2","1","5","5","5","5","2"
1543,"F2_04","F2","2","5","5","5","5","2"
1543,"F3_01","F3","2","4","3","5","4","2"
1543,"F3_02","F3","1","5","5","5","4","3"
1543,"F3_03","F3","2","5","5","5","5","2"
1543,"F3_04","F3","4","2","4","5","2","4"
1543,"F4_01","F4","2","5","5","5","5","2"
1543,"F4_02","F4","2","4","4","3","4","3"
1543,"F4_03","F4","1","5","5","5","5","5"
1543,"F4_04","F4","3","4","5","5","4","2"
1543,"F5_01","F5","1","4","5","5","4","1"
1543,"F5_02","F5","2","5","5","5","5","2"
1543,"F5_03","F5","2","5","5","5","4","2"
1543,"F5_04","F5","2","4","5","5","4","4"
1543,"M1_01","M1","1","5","5","5","5","1"
1543,"M1_02","M1","1","5","5","5","4","3"
1543,"M1_03","M1","2","4","5","5","4","3"
1543,"M1_04","M1","5","2","5","5","2","1"
1543,"M2_01","M2","2","5","4","3","5","4"
1543,"M2_02","M2","4","5","5","5","5","3"
1543,"M2_03","M2","5","3","5","5","5","4"
1543,"M2_04","M2","1","4","5","5","4","3"
1543,"M3_01","M3","2","4","5","5","4","2"
1543,"M3_02","M3","2","4","5","5","3","3"
1543,"M3_03","M3","1","5","5","5","4","2"
1543,"M3_04","M3","1","5","5","5","5","1"
1543,"M4_01","M4","3","3","5","5","2","3"
1543,"M4_02","M4","5","4","4","4","5","4"
1543,"M4_03","M4","5","5","5","5","5","4"
1543,"M4_04","M4","2","5","5","5","5","2"
1543,"M5_01","M5","1","4","5","5","4","3"
1543,"M5_02","M5","2","4","5","5","4","2"
1543,"M5_03","M5","1","4","5","5","5","1"
1543,"M5_04","M5","1","5","5","5","5","1"
1543,"somewhatagree","attention_check","4","4","4","4","4","4"
1543,"somewhatdisagree","attention_check","2","2","2","2","2","2"
1543,"stronglyagree","attention_check","6","6","6","6","6","6"
1543,"stronglydisagree","attention_check","0","0","0","0","0","0"
1547,"F1_01","F1","5","4","3","4","1","4"
1547,"F1_02","F1","2","5","6","1","3","1"
1547,"F1_03","F1","1","6","5","1","5","1"
1547,"F1_04","F1","1","5","5","2","5","1"
1547,"F2_01","F2","1","1","5","6","3","1"
1547,"F2_02","F2","1","1","4","5","3","4"
1547,"F2_03","F2","1","5","3","4","4","5"
1547,"F2_04","F2","0","4","3","5","5","1"
1547,"F3_01","F3","1","1","5","5","3","5"
1547,"F3_02","F3","5","5","5","3","1","5"
1547,"F3_03","F3","3","4","5","5","2","4"
1547,"F3_04","F3","1","2","5","5","3","3"
1547,"F4_01","F4","4","5","5","2","3","4"
1547,"F4_02","F4","1","5","5","2","3","4"
1547,"F4_03","F4","2","5","3","4","5","5"
1547,"F4_04","F4","1","4","5","3","5","1"
1547,"F5_01","F5","0","5","4","2","2","2"
1547,"F5_02","F5","1","5","4","2","3","2"
1547,"F5_03","F5","0","5","4","2","2","0"
1547,"F5_04","F5","1","5","5","1","1","3"
1547,"M1_01","M1","1","6","5","2","4","4"
1547,"M1_02","M1","2","5","5","4","5","1"
1547,"M1_03","M1","4","5","4","1","5","5"
1547,"M1_04","M1","4","5","4","3","4","0"
1547,"M2_01","M2","5","6","3","0","6","6"
1547,"M2_02","M2","3","5","6","4","5","1"
1547,"M2_03","M2","1","6","5","1","5","5"
1547,"M2_04","M2","2","6","3","0","3","5"
1547,"M3_01","M3","1","1","5","6","3","1"
1547,"M3_02","M3","0","2","5","5","3","0"
1547,"M3_03","M3","1","1","5","5","3","1"
1547,"M3_04","M3","1","1","5","5","3","1"
1547,"M4_01","M4","1","5","5","2","5","3"
1547,"M4_02","M4","4","6","5","1","5","4"
1547,"M4_03","M4","4","6","3","0","5","3"
1547,"M4_04","M4","1","6","5","1","5","5"
1547,"M5_01","M5","1","2","5","4","3","1"
1547,"M5_02","M5","3","5","5","5","5","4"
1547,"M5_03","M5","2","3","5","4","4","2"
1547,"M5_04","M5","1","4","4","4","5","1"
1547,"somewhatagree","attention_check","4","4","4","4","4","4"
1547,"somewhatdisagree","attention_check","2","2","2","2","2","2"
1547,"stronglyagree","attention_check","6","6","6","6","6","6"
1547,"stronglydisagree","attention_check","0","0","0","0","0","0"
1555,"F1_01","F1","2","4","4","4","1","2"
1555,"F1_02","F1","5","2","4","4","2","2"
1555,"F1_03","F1","4","4","4","4","4","4"
1555,"F1_04","F1","2","5","5","5","2","3"
1555,"F2_01","F2","2","5","5","5","2","2"
1555,"F2_02","F2","2","5","5","5","5","4"
1555,"F2_03","F2","2","4","4","4","4","4"
1555,"F2_04","F2","2","2","4","4","4","2"
1555,"F3_01","F3","5","5","5","5","5","5"
1555,"F3_02","F3","4","2","5","5","2","3"
1555,"F3_03","F3","2","2","4","4","4","4"
1555,"F3_04","F3","2","5","5","5","5","5"
1555,"F4_01","F4","2","4","4","4","2","2"
1555,"F4_02","F4","4","4","4","4","4","4"
1555,"F4_03","F4","4","4","4","4","4","4"
1555,"F4_04","F4","4","4","4","4","4","4"
1555,"F5_01","F5","4","4","4","4","4","4"
1555,"F5_02","F5","4","4","4","2","4","4"
1555,"F5_03","F5","2","4","4","2","4","4"
1555,"F5_04","F5","4","4","4","4","4","4"
1555,"M1_01","M1","4","4","4","2","4","4"
1555,"M1_02","M1","4","5","4","4","4","2"
1555,"M1_03","M1","4","4","4","4","4","4"
1555,"M1_04","M1","4","4","4","4","4","2"
1555,"M2_01","M2","4","4","4","2","4","3"
1555,"M2_02","M2","2","5","4","2","5","4"
1555,"M2_03","M2","4","5","5","2","5","4"
1555,"M2_04","M2","5","5","4","1","5","4"
1555,"M3_01","M3","5","5","5","5","5","5"
1555,"M3_02","M3","2","2","5","5","2","2"
1555,"M3_03","M3","2","4","5","5","4","2"
1555,"M3_04","M3","2","5","5","5","5","2"
1555,"M4_01","M4","4","4","4","4","4","4"
1555,"M4_02","M4","5","5","4","2","4","5"
1555,"M4_03","M4","5","1","1","1","4","4"
1555,"M4_04","M4","4","4","4","4","4","4"
1555,"M5_01","M5","5","5","5","5","5","5"
1555,"M5_02","M5","4","2","4","5","2","2"
1555,"M5_03","M5","2","4","5","5","2","4"
1555,"M5_04","M5","2","2","5","5","2","2"
1555,"somewhatagree","attention_check","4","4","4","4","4","4"
1555,"somewhatdisagree","attention_check","2","2","2","2","2","2"
1555,"stronglyagree","attention_check","6","6","6","6","6","6"
1555,"stronglydisagree","attention_check","0","0","0","0","0","0"
1568,"F1_01","F1","4","5","5","2","2","4"
1568,"F1_02","F1","4","5","2","1","1","2"
1568,"F1_03","F1","5","6","3","1","2","5"
1568,"F1_04","F1","4","5","4","1","2","4"
1568,"F2_01","F2","1","5","5","4","4","2"
1568,"F2_02","F2","0","2","3","4","5","3"
1568,"F2_03","F2","1","5","5","1","4","3"
1568,"F2_04","F2","1","1","4","5","4","4"
1568,"F3_01","F3","1","2","4","4","4","5"
1568,"F3_02","F3","4","5","5","1","1","4"
1568,"F3_03","F3","1","5","5","1","4","4"
1568,"F3_04","F3","4","5","4","2","2","5"
1568,"F4_01","F4","2","5","3","1","4","4"
1568,"F4_02","F4","4","6","3","0","4","6"
1568,"F4_03","F4","1","5","5","1","5","6"
1568,"F4_04","F4","0","2","3","4","3","2"
1568,"F5_01","F5","1","5","5","1","1","3"
1568,"F5_02","F5","4","5","5","1","1","5"
1568,"F5_03","F5","2","5","5","2","1","2"
1568,"F5_04","F5","4","6","3","1","2","4"
1568,"M1_01","M1","1","5","5","2","4","2"
1568,"M1_02","M1","4","2","4","4","1","1"
1568,"M1_03","M1","4","5","5","1","2","4"
1568,"M1_04","M1","2","2","3","4","2","1"
1568,"M2_01","M2","5","6","3","0","1","4"
1568,"M2_02","M2","1","5","3","1","4","3"
1568,"M2_03","M2","4","6","3","1","4","4"
1568,"M2_04","M2","5","6","4","1","1","4"
1568,"M3_01","M3","1","1","5","5","2","0"
1568,"M3_02","M3","1","1","5","5","1","1"
1568,"M3_03","M3","1","2","5","4","3","1"
1568,"M3_04","M3","1","4","5","4","4","2"
1568,"M4_01","M4","4","1","4","4","0","2"
1568,"M4_02","M4","4","5","5","1","2","5"
1568,"M4_03","M4","2","5","3","1","3","4"
1568,"M4_04","M4","4","6","4","0","5","4"
1568,"M5_01","M5","2","1","5","5","1","1"
1568,"M5_02","M5","1","1","5","5","3","1"
1568,"M5_03","M5","1","2","5","5","3","1"
1568,"M5_04","M5","4","5","5","4","1","1"
1568,"somewhatagree","attention_check","4","4","4","4","4","4"
1568,"somewhatdisagree","attention_check","2","2","2","2","2","2"
1568,"stronglyagree","attention_check","6","6","6","6","6","6"
1568,"stronglydisagree","attention_check","0","0","0","0","0","0"
1577,"F1_01","F1","3","3","3","3","3","3"
1577,"F1_02","F1","4","3","4","3","3","3"
1577,"F1_03","F1","4","2","3","3","3","3"
1577,"F1_04","F1","3","3","3","3","3","3"
1577,"F2_01","F2","3","4","4","4","4","4"
1577,"F2_02","F2","3","3","3","3","3","2"
1577,"F2_03","F2","3","3","3","3","3","3"
1577,"F2_04","F2","3","3","3","3","3","3"
1577,"F3_01","F3","3","3","3","3","3","5"
1577,"F3_02","F3","3","3","4","3","3","5"
1577,"F3_03","F3","3","3","3","3","3","3"
1577,"F3_04","F3","3","3","3","3","3","3"
1577,"F4_01","F4","3","3","3","3","3","3"
1577,"F4_02","F4","3","3","3","3","3","3"
1577,"F4_03","F4","3","3","3","3","3","3"
1577,"F4_04","F4","3","3","3","3","3","3"
1577,"F5_01","F5","3","3","3","3","3","3"
1577,"F5_02","F5","3","3","3","3","3","3"
1577,"F5_03","F5","3","3","3","3","3","3"
1577,"F5_04","F5","4","3","3","3","3","3"
1577,"M1_01","M1","3","3","3","3","3","3"
1577,"M1_02","M1","4","3","3","3","3","3"
1577,"M1_03","M1","3","3","3","3","3","3"
1577,"M1_04","M1","3","3","3","3","3","3"
1577,"M2_01","M2","3","3","3","3","3","3"
1577,"M2_02","M2","5","2","3","3","3","3"
1577,"M2_03","M2","3","3","3","3","3","3"
1577,"M2_04","M2","4","3","3","1","3","3"
1577,"M3_01","M3","3","3","3","3","3","3"
1577,"M3_02","M3","3","3","3","3","3","3"
1577,"M3_03","M3","3","4","4","4","3","3"
1577,"M3_04","M3","2","3","4","3","3","3"
1577,"M4_01","M4","3","3","3","3","3","3"
1577,"M4_02","M4","3","3","3","3","3","3"
1577,"M4_03","M4","3","3","3","3","3","3"
1577,"M4_04","M4","3","3","3","3","3","3"
1577,"M5_01","M5","3","3","3","3","3","3"
1577,"M5_02","M5","3","3","3","3","3","3"
1577,"M5_03","M5","3","3","3","3","3","3"
1577,"M5_04","M5","3","3","3","3","3","3"
1577,"somewhatagree","attention_check","4","4","4","4","4","4"
1577,"somewhatdisagree","attention_check","2","2","2","2","2","2"
1577,"stronglyagree","attention_check","6","6","6","6","6","6"
1577,"stronglydisagree","attention_check","0","0","0","0","0","0"
1579,"F1_01","F1","6","2","6","5","1","4"
1579,"F1_02","F1","6","5","3","2","2","4"
1579,"F1_03","F1","5","5","5","0","3","4"
1579,"F1_04","F1","5","5","5","4","3","4"
1579,"F2_01","F2","4","5","5","5","3","5"
1579,"F2_02","F2","2","5","5","4","5","5"
1579,"F2_03","F2","2","4","4","4","4","5"
1579,"F2_04","F2","3","5","5","4","4","5"
1579,"F3_01","F3","4","2","5","5","4","5"
1579,"F3_02","F3","5","5","5","2","3","5"
1579,"F3_03","F3","5","2","5","5","2","5"
1579,"F3_04","F3","5","5","5","4","2","3"
1579,"F4_01","F4","2","5","4","5","4","3"
1579,"F4_02","F4","2","6","3","0","4","5"
1579,"F4_03","F4","4","5","4","4","5","5"
1579,"F4_04","F4","3","5","5","4","4","5"
1579,"F5_01","F5","5","5","4","2","3","4"
1579,"F5_02","F5","4","4","4","2","3","3"
1579,"F5_03","F5","2","4","4","4","3","2"
1579,"F5_04","F5","5","5","5","2","2","4"
1579,"M1_01","M1","3","4","4","4","4","4"
1579,"M1_02","M1","5","5","5","2","2","4"
1579,"M1_03","M1","4","4","6","4","3","5"
1579,"M1_04","M1","5","5","5","5","2","2"
1579,"M2_01","M2","4","6","4","0","4","5"
1579,"M2_02","M2","5","5","5","1","4","4"
1579,"M2_03","M2","5","6","4","1","2","4"
1579,"M2_04","M2","5","6","5","0","3","5"
1579,"M3_01","M3","3","2","4","5","3","3"
1579,"M3_02","M3","2","5","4","2","4","4"
1579,"M3_03","M3","5","4","4","4","3","4"
1579,"M3_04","M3","4","5","5","4","3","2"
1579,"M4_01","M4","5","6","4","2","3","2"
1579,"M4_02","M4","5","5","1","1","2","5"
1579,"M4_03","M4","5","6","3","1","3","4"
1579,"M4_04","M4","5","5","3","1","2","5"
1579,"M5_01","M5","5","2","4","5","1","4"
1579,"M5_02","M5","5","1","5","3","2","4"
1579,"M5_03","M5","4","4","4","4","3","3"
1579,"M5_04","M5","5","4","4","5","4","4"
1579,"somewhatagree","attention_check","4","4","4","4","4","4"
1579,"somewhatdisagree","attention_check","2","2","2","2","2","2"
1579,"stronglyagree","attention_check","6","6","6","6","6","6"
1579,"stronglydisagree","attention_check","0","0","0","0","0","0"
1580,"F1_01","F1","2","4","4","4","3","4"
1580,"F1_02","F1","2","3","3","4","3","2"
1580,"F1_03","F1","5","5","3","1","4","2"
1580,"F1_04","F1","3","3","3","3","3","3"
1580,"F2_01","F2","2","2","5","5","4","2"
1580,"F2_02","F2","2","5","3","5","5","5"
1580,"F2_03","F2","2","5","4","4","4","4"
1580,"F2_04","F2","1","4","3","4","4","3"
1580,"F3_01","F3","3","3","3","2","3","5"
1580,"F3_02","F3","5","1","3","5","1","5"
1580,"F3_03","F3","2","2","3","3","3","4"
1580,"F3_04","F3","2","4","4","5","4","5"
1580,"F4_01","F4","2","4","2","4","4","4"
1580,"F4_02","F4","4","5","3","2","4","4"
1580,"F4_03","F4","3","4","3","4","2","6"
1580,"F4_04","F4","4","4","4","4","4","4"
1580,"F5_01","F5","4","3","2","2","2","4"
1580,"F5_02","F5","2","4","2","4","4","2"
1580,"F5_03","F5","3","5","3","3","3","3"
1580,"F5_04","F5","2","3","3","3","4","2"
1580,"M1_01","M1","4","3","4","3","3","4"
1580,"M1_02","M1","3","3","3","3","3","2"
1580,"M1_03","M1","4","4","3","2","3","4"
1580,"M1_04","M1","3","4","4","3","3","3"
1580,"M2_01","M2","5","5","3","1","3","1"
1580,"M2_02","M2","5","5","3","2","2","2"
1580,"M2_03","M2","4","5","4","2","2","4"
1580,"M2_04","M2","0","0","0","0","0","0"
1580,"M3_01","M3","4","3","3","4","3","2"
1580,"M3_02","M3","2","4","3","3","4","2"
1580,"M3_03","M3","5","3","3","2","2","2"
1580,"M3_04","M3","2","4","4","4","4","2"
1580,"M4_01","M4","4","4","3","4","3","2"
1580,"M4_02","M4","4","4","2","2","2","4"
1580,"M4_03","M4","3","3","3","3","3","2"
1580,"M4_04","M4","5","6","5","1","5","1"
1580,"M5_01","M5","5","3","3","4","3","1"
1580,"M5_02","M5","1","2","5","5","4","1"
1580,"M5_03","M5","2","3","3","5","3","2"
1580,"M5_04","M5","4","4","3","4","4","2"
1580,"somewhatagree","attention_check","4","4","4","4","4","4"
1580,"somewhatdisagree","attention_check","2","2","2","2","2","2"
1580,"stronglyagree","attention_check","6","6","6","6","6","6"
1580,"stronglydisagree","attention_check","0","0","0","0","0","0"
1596,"F1_01","F1","6","4","4","3","2","6"
1596,"F1_02","F1","5","5","3","1","2","4"
1596,"F1_03","F1","4","4","4","2","4","5"
1596,"F1_04","F1","4","4","3","2","4","4"
1596,"F2_01","F2","5","4","4","4","5","4"
1596,"F2_02","F2","2","4","3","5","5","4"
1596,"F2_03","F2","4","3","5","4","4","5"
1596,"F2_04","F2","2","4","3","4","4","5"
1596,"F3_01","F3","2","4","4","4","4","5"
1596,"F3_02","F3","4","5","4","4","2","4"
1596,"F3_03","F3","4","4","4","4","4","4"
1596,"F3_04","F3","5","5","4","4","4","4"
1596,"F4_01","F4","3","2","4","4","4","3"
1596,"F4_02","F4","4","5","5","1","5","5"
1596,"F4_03","F4","4","5","4","2","5","5"
1596,"F4_04","F4","3","4","4","3","5","4"
1596,"F5_01","F5","4","5","4","2","4","4"
1596,"F5_02","F5","4","4","4","2","5","4"
1596,"F5_03","F5","4","5","4","2","2","2"
1596,"F5_04","F5","4","4","2","2","2","3"
1596,"M1_01","M1","4","4","4","4","4","4"
1596,"M1_02","M1","4","5","3","1","2","3"
1596,"M1_03","M1","4","4","4","2","4","5"
1596,"M1_04","M1","4","5","4","2","5","4"
1596,"M2_01","M2","2","5","4","1","2","5"
1596,"M2_02","M2","4","4","3","4","4","4"
1596,"M2_03","M2","4","6","4","1","5","4"
1596,"M2_04","M2","4","6","3","0","2","5"
1596,"M3_01","M3","4","4","4","5","4","3"
1596,"M3_02","M3","1","4","4","5","3","4"
1596,"M3_03","M3","5","4","4","4","4","3"
1596,"M3_04","M3","2","3","5","4","4","2"
1596,"M4_01","M4","5","4","4","4","3","4"
1596,"M4_02","M4","4","5","1","1","2","3"
1596,"M4_03","M4","5","4","3","2","2","3"
1596,"M4_04","M4","4","5","3","0","2","2"
1596,"M5_01","M5","4","2","4","5","3","4"
1596,"M5_02","M5","3","4","4","3","4","4"
1596,"M5_03","M5","3","4","4","3","4","4"
1596,"M5_04","M5","4","4","3","3","2","4"
1596,"somewhatagree","attention_check","4","4","4","4","4","4"
1596,"somewhatdisagree","attention_check","2","2","2","2","2","2"
1596,"stronglyagree","attention_check","6","6","6","6","6","6"
1596,"stronglydisagree","attention_check","0","0","0","0","0","0"
1604,"F1_01","F1","3","3","3","3","3","4"
1604,"F1_02","F1","4","1","1","2","1","3"
1604,"F1_03","F1","4","1","1","1","1","3"
1604,"F1_04","F1","3","3","3","3","3","3"
1604,"F2_01","F2","3","2","3","3","3","4"
1604,"F2_02","F2","0","4","4","5","4","3"
1604,"F2_03","F2","2","3","3","3","3","3"
1604,"F2_04","F2","2","3","3","3","3","4"
1604,"F3_01","F3","2","3","3","4","3","4"
1604,"F3_02","F3","3","3","3","3","2","4"
1604,"F3_03","F3","3","3","3","3","2","3"
1604,"F3_04","F3","2","3","3","3","3","3"
1604,"F4_01","F4","3","3","3","3","3","3"
1604,"F4_02","F4","4","3","2","2","4","4"
1604,"F4_03","F4","3","2","3","2","3","4"
1604,"F4_04","F4","3","2","3","3","3","4"
1604,"F5_01","F5","3","3","3","3","3","3"
1604,"F5_02","F5","4","3","3","3","3","4"
1604,"F5_03","F5","3","3","3","3","3","3"
1604,"F5_04","F5","3","3","3","3","3","4"
1604,"M1_01","M1","3","3","3","3","3","4"
1604,"M1_02","M1","3","3","3","3","2","3"
1604,"M1_03","M1","3","4","3","3","3","3"
1604,"M1_04","M1","3","3","3","3","3","2"
1604,"M2_01","M2","4","2","3","2","3","4"
1604,"M2_02","M2","3","3","2","3","2","3"
1604,"M2_03","M2","3","2","2","3","3","4"
1604,"M2_04","M2","4","2","2","2","2","4"
1604,"M3_01","M3","2","3","3","3","3","2"
1604,"M3_02","M3","3","3","3","3","3","2"
1604,"M3_03","M3","3","3","3","3","3","3"
1604,"M3_04","M3","2","3","3","3","3","2"
1604,"M4_01","M4","3","3","3","3","3","2"
1604,"M4_02","M4","3","4","3","1","4","3"
1604,"M4_03","M4","3","3","3","3","3","4"
1604,"M4_04","M4","3","3","3","3","3","4"
1604,"M5_01","M5","3","3","3","3","3","2"
1604,"M5_02","M5","2","3","3","3","2","3"
1604,"M5_03","M5","3","3","3","3","3","3"
1604,"M5_04","M5","3","3","3","2","3","3"
1604,"somewhatagree","attention_check","3","3","2","3","3","3"
1604,"somewhatdisagree","attention_check","2","3","2","3","3","3"
1604,"stronglyagree","attention_check","6","6","6","6","6","6"
1604,"stronglydisagree","attention_check","0","0","0","0","0","0"
1616,"F1_01","F1","4","4","4","4","4","4"
1616,"F1_02","F1","3","3","3","3","3","3"
1616,"F1_03","F1","5","1","6","5","0","0"
1616,"F1_04","F1","0","3","3","3","0","3"
1616,"F2_01","F2","0","5","5","5","5","1"
1616,"F2_02","F2","1","6","6","6","6","4"
1616,"F2_03","F2","2","4","4","3","2","2"
1616,"F2_04","F2","3","3","3","3","3","3"
1616,"F3_01","F3","1","4","4","4","4","4"
1616,"F3_02","F3","4","4","4","4","4","4"
1616,"F3_03","F3","4","4","4","4","4","4"
1616,"F3_04","F3","4","4","4","4","4","4"
1616,"F4_01","F4","5","5","5","5","5","5"
1616,"F4_02","F4","2","2","2","2","2","2"
1616,"F4_03","F4","1","6","6","6","6","6"
1616,"F4_04","F4","1","6","6","5","6","4"
1616,"F5_01","F5","4","4","4","4","4","4"
1616,"F5_02","F5","4","4","4","4","4","4"
1616,"F5_03","F5","4","4","4","4","4","4"
1616,"F5_04","F5","4","4","4","4","4","4"
1616,"M1_01","M1","4","4","4","4","4","4"
1616,"M1_02","M1","4","4","4","4","4","4"
1616,"M1_03","M1","4","4","4","4","4","4"
1616,"M1_04","M1","0","4","4","4","5","2"
1616,"M2_01","M2","6","6","6","6","6","6"
1616,"M2_02","M2","2","2","5","5","3","5"
1616,"M2_03","M2","6","6","0","0","4","6"
1616,"M2_04","M2","4","4","4","4","4","4"
1616,"M3_01","M3","4","4","4","4","4","4"
1616,"M3_02","M3","4","4","4","4","4","4"
1616,"M3_03","M3","3","3","2","3","2","3"
1616,"M3_04","M3","4","4","4","4","4","4"
1616,"M4_01","M4","3","1","4","4","2","2"
1616,"M4_02","M4","4","4","4","4","4","4"
1616,"M4_03","M4","4","4","4","4","4","4"
1616,"M4_04","M4","6","6","6","6","6","6"
1616,"M5_01","M5","4","4","4","4","4","4"
1616,"M5_02","M5","4","4","4","4","4","4"
1616,"M5_03","M5","3","3","5","5","3","2"
1616,"M5_04","M5","3","3","3","3","3","3"
1616,"somewhatagree","attention_check","4","4","4","4","4","4"
1616,"somewhatdisagree","attention_check","2","2","2","2","2","2"
1616,"stronglyagree","attention_check","6","6","6","6","6","6"
1616,"stronglydisagree","attention_check","0","0","0","0","0","0"
1624,"F1_01","F1","2","4","5","5","5","5"
1624,"F1_02","F1","4","3","5","4","3","5"
1624,"F1_03","F1","1","4","4","5","5","1"
1624,"F1_04","F1","0","4","5","5","5","2"
1624,"F2_01","F2","1","5","5","5","5","1"
1624,"F2_02","F2","2","2","4","6","4","5"
1624,"F2_03","F2","1","6","4","1","5","5"
1624,"F2_04","F2","2","1","4","6","4","4"
1624,"F3_01","F3","1","1","5","6","3","5"
1624,"F3_02","F3","5","5","4","2","2","5"
1624,"F3_03","F3","1","4","4","5","4","1"
1624,"F3_04","F3","1","4","4","6","4","1"
1624,"F4_01","F4","1","6","5","5","4","2"
1624,"F4_02","F4","2","6","5","2","4","5"
1624,"F4_03","F4","2","1","4","6","4","4"
1624,"F4_04","F4","1","4","4","5","3","5"
1624,"F5_01","F5","4","5","4","1","3","5"
1624,"F5_02","F5","2","2","5","5","4","1"
1624,"F5_03","F5","1","4","3","5","4","1"
1624,"F5_04","F5","4","5","4","2","4","1"
1624,"M1_01","M1","0","6","6","1","5","1"
1624,"M1_02","M1","1","6","4","4","4","1"
1624,"M1_03","M1","1","4","5","5","4","4"
1624,"M1_04","M1","1","5","4","1","5","1"
1624,"M2_01","M2","3","6","3","0","4","3"
1624,"M2_02","M2","1","1","3","6","4","2"
1624,"M2_03","M2","2","5","3","0","4","2"
1624,"M2_04","M2","4","6","5","0","3","1"
1624,"M3_01","M3","1","4","4","6","4","1"
1624,"M3_02","M3","2","2","4","6","4","2"
1624,"M3_03","M3","2","1","4","6","4","1"
1624,"M3_04","M3","1","6","5","5","5","0"
1624,"M4_01","M4","2","1","4","5","5","2"
1624,"M4_02","M4","4","5","4","0","2","4"
1624,"M4_03","M4","2","5","4","1","4","3"
1624,"M4_04","M4","1","6","4","2","4","4"
1624,"M5_01","M5","1","4","5","6","5","1"
1624,"M5_02","M5","2","3","4","5","5","2"
1624,"M5_03","M5","2","3","4","5","4","1"
1624,"M5_04","M5","1","4","3","6","4","1"
1624,"somewhatagree","attention_check","4","4","4","4","4","4"
1624,"somewhatdisagree","attention_check","2","2","2","2","2","2"
1624,"stronglyagree","attention_check","6","6","6","6","6","6"
1624,"stronglydisagree","attention_check","0","0","0","0","0","0"
1630,"F1_01","F1","2","4","4","4","4","4"
1630,"F1_02","F1","4","2","6","5","2","2"
1630,"F1_03","F1","4","6","2","1","2","5"
1630,"F1_04","F1","2","4","2","4","2","2"
1630,"F2_01","F2","1","5","5","5","5","4"
1630,"F2_02","F2","2","5","4","5","5","4"
1630,"F2_03","F2","4","5","4","5","4","3"
1630,"F2_04","F2","2","5","5","5","4","3"
1630,"F3_01","F3","4","5","2","5","2","6"
1630,"F3_02","F3","2","5","5","4","4","6"
1630,"F3_03","F3","2","4","4","5","4","5"
1630,"F3_04","F3","2","5","5","5","4","2"
1630,"F4_01","F4","2","5","4","2","4","4"
1630,"F4_02","F4","2","6","5","1","4","6"
1630,"F4_03","F4","2","5","4","2","4","6"
1630,"F4_04","F4","3","4","4","4","4","4"
1630,"F5_01","F5","2","5","6","4","4","4"
1630,"F5_02","F5","4","4","2","4","2","2"
1630,"F5_03","F5","4","5","4","4","4","3"
1630,"F5_04","F5","2","5","4","4","4","5"
1630,"M1_01","M1","2","5","4","4","4","5"
1630,"M1_02","M1","4","6","4","2","4","4"
1630,"M1_03","M1","2","5","5","4","5","3"
1630,"M1_04","M1","4","4","4","3","4","2"
1630,"M2_01","M2","4","6","2","1","4","6"
1630,"M2_02","M2","6","5","2","5","1","4"
1630,"M2_03","M2","4","4","4","4","2","4"
1630,"M2_04","M2","4","6","2","1","4","6"
1630,"M3_01","M3","2","5","5","5","4","4"
1630,"M3_02","M3","2","4","2","5","4","4"
1630,"M3_03","M3","4","4","4","5","2","2"
1630,"M3_04","M3","5","5","4","5","5","1"
1630,"M4_01","M4","4","4","2","4","4","3"
1630,"M4_02","M4","4","6","3","1","4","6"
1630,"M4_03","M4","4","5","2","4","4","4"
1630,"M4_04","M4","4","4","2","2","2","6"
1630,"M5_01","M5","4","2","5","6","3","1"
1630,"M5_02","M5","4","2","3","5","2","2"
1630,"M5_03","M5","2","4","4","5","4","1"
1630,"M5_04","M5","5","4","5","6","2","2"
1630,"somewhatagree","attention_check","4","4","4","4","4","4"
1630,"somewhatdisagree","attention_check","2","2","2","2","2","2"
1630,"stronglyagree","attention_check","6","6","6","6","6","6"
1630,"stronglydisagree","attention_check","0","0","0","0","0","0"
1632,"F1_01","F1","5","4","3","4","2","4"
1632,"F1_02","F1","5","6","3","2","2","1"
1632,"F1_03","F1","3","4","3","3","3","1"
1632,"F1_04","F1","4","5","3","3","1","2"
1632,"F2_01","F2","1","4","3","4","4","1"
1632,"F2_02","F2","2","4","3","4","2","3"
1632,"F2_03","F2","3","3","4","4","2","3"
1632,"F2_04","F2","4","2","3","5","2","5"
1632,"F3_01","F3","4","3","3","4","3","5"
1632,"F3_02","F3","5","5","5","4","2","5"
1632,"F3_03","F3","6","1","4","5","1","4"
1632,"F3_04","F3","2","4","4","4","4","2"
1632,"F4_01","F4","5","6","3","1","1","5"
1632,"F4_02","F4","2","4","4","2","3","4"
1632,"F4_03","F4","4","5","4","4","3","5"
1632,"F4_04","F4","3","4","4","4","2","3"
1632,"F5_01","F5","5","5","3","4","1","4"
1632,"F5_02","F5","5","3","3","4","1","3"
1632,"F5_03","F5","4","5","4","4","4","2"
1632,"F5_04","F5","4","6","2","2","1","4"
1632,"M1_01","M1","3","5","4","2","4","4"
1632,"M1_02","M1","2","4","4","4","3","1"
1632,"M1_03","M1","4","4","5","4","3","4"
1632,"M1_04","M1","4","4","4","5","1","1"
1632,"M2_01","M2","5","6","3","1","1","4"
1632,"M2_02","M2","5","6","3","4","3","1"
1632,"M2_03","M2","5","6","3","1","2","4"
1632,"M2_04","M2","5","6","5","1","3","2"
1632,"M3_01","M3","1","2","4","5","3","1"
1632,"M3_02","M3","5","1","4","4","2","1"
1632,"M3_03","M3","3","5","4","4","4","2"
1632,"M3_04","M3","1","4","4","4","4","1"
1632,"M4_01","M4","4","4","4","4","2","2"
1632,"M4_02","M4","4","5","4","4","3","2"
1632,"M4_03","M4","4","5","3","2","2","4"
1632,"M4_04","M4","3","5","4","3","3","1"
1632,"M5_01","M5","1","2","5","5","2","1"
1632,"M5_02","M5","3","4","4","4","3","2"
1632,"M5_03","M5","2","3","4","5","3","2"
1632,"M5_04","M5","3","4","4","4","3","2"
1632,"somewhatagree","attention_check","4","4","4","4","4","4"
1632,"somewhatdisagree","attention_check","2","2","2","2","2","2"
1632,"stronglyagree","attention_check","6","6","6","6","6","6"
1632,"stronglydisagree","attention_check","0","0","0","0","0","0"
1634,"F1_01","F1","4","3","4","3","3","5"
1634,"F1_02","F1","4","4","4","3","3","4"
1634,"F1_03","F1","4","5","4","3","4","4"
1634,"F1_04","F1","4","4","4","3","4","2"
1634,"F2_01","F2","2","4","4","5","4","4"
1634,"F2_02","F2","2","5","4","4","4","4"
1634,"F2_03","F2","2","4","4","4","3","4"
1634,"F2_04","F2","2","3","4","4","3","3"
1634,"F3_01","F3","2","3","4","4","3","4"
1634,"F3_02","F3","3","4","4","3","2","5"
1634,"F3_03","F3","2","3","4","5","3","4"
1634,"F3_04","F3","3","4","4","3","3","4"
1634,"F4_01","F4","3","3","4","3","4","2"
1634,"F4_02","F4","2","5","4","3","4","4"
1634,"F4_03","F4","2","5","4","3","5","4"
1634,"F4_04","F4","3","5","4","3","4","3"
1634,"F5_01","F5","3","2","4","3","3","3"
1634,"F5_02","F5","2","4","4","3","3","2"
1634,"F5_03","F5","3","4","4","3","4","4"
1634,"F5_04","F5","2","5","4","3","5","5"
1634,"M1_01","M1","2","4","4","3","4","3"
1634,"M1_02","M1","3","4","4","3","3","2"
1634,"M1_03","M1","2","4","5","4","4","4"
1634,"M1_04","M1","3","4","3","3","3","3"
1634,"M2_01","M2","3","5","4","2","4","3"
1634,"M2_02","M2","3","4","4","2","3","4"
1634,"M2_03","M2","3","5","3","2","3","5"
1634,"M2_04","M2","4","4","4","2","3","4"
1634,"M3_01","M3","2","2","4","4","3","2"
1634,"M3_02","M3","2","3","4","4","3","2"
1634,"M3_03","M3","2","4","5","4","3","3"
1634,"M3_04","M3","2","4","5","3","4","2"
1634,"M4_01","M4","3","2","4","3","3","3"
1634,"M4_02","M4","4","4","4","3","4","3"
1634,"M4_03","M4","3","4","3","3","3","3"
1634,"M4_04","M4","3","5","4","3","4","3"
1634,"M5_01","M5","3","4","4","3","3","2"
1634,"M5_02","M5","3","3","4","4","3","2"
1634,"M5_03","M5","2","3","3","4","3","2"
1634,"M5_04","M5","4","4","3","3","2","4"
1634,"somewhatagree","attention_check","4","4","4","4","4","4"
1634,"somewhatdisagree","attention_check","2","2","2","2","2","2"
1634,"stronglyagree","attention_check","6","6","6","6","6","6"
1634,"stronglydisagree","attention_check","0","0","0","0","0","0"
1637,"F1_01","F1","2","4","4","2","4","5"
1637,"F1_02","F1","4","5","4","4","5","4"
1637,"F1_03","F1","4","4","4","2","4","4"
1637,"F1_04","F1","2","4","4","2","4","3"
1637,"F2_01","F2","1","2","4","5","3","2"
1637,"F2_02","F2","1","3","4","4","4","5"
1637,"F2_03","F2","1","5","5","2","5","5"
1637,"F2_04","F2","1","1","4","5","2","4"
1637,"F3_01","F3","1","5","4","4","4","5"
1637,"F3_02","F3","2","4","4","4","2","5"
1637,"F3_03","F3","1","2","5","5","3","4"
1637,"F3_04","F3","1","2","5","5","2","5"
1637,"F4_01","F4","2","4","5","4","5","5"
1637,"F4_02","F4","1","4","4","4","4","5"
1637,"F4_03","F4","2","5","4","2","4","5"
1637,"F4_04","F4","4","4","4","2","4","4"
1637,"F5_01","F5","2","5","5","2","4","5"
1637,"F5_02","F5","1","5","4","2","4","2"
1637,"F5_03","F5","1","5","5","2","5","2"
1637,"F5_04","F5","2","4","4","1","2","5"
1637,"M1_01","M1","2","4","4","2","4","4"
1637,"M1_02","M1","2","5","4","2","4","2"
1637,"M1_03","M1","2","5","4","2","4","5"
1637,"M1_04","M1","4","4","4","4","4","2"
1637,"M2_01","M2","5","5","2","2","4","4"
1637,"M2_02","M2","4","4","4","4","4","2"
1637,"M2_03","M2","4","5","4","1","5","5"
1637,"M2_04","M2","4","5","5","2","5","5"
1637,"M3_01","M3","1","1","5","5","3","1"
1637,"M3_02","M3","1","1","4","5","2","1"
1637,"M3_03","M3","1","2","4","5","2","2"
1637,"M3_04","M3","1","1","5","5","3","1"
1637,"M4_01","M4","2","4","4","4","2","2"
1637,"M4_02","M4","4","5","4","1","5","5"
1637,"M4_03","M4","4","5","5","4","5","4"
1637,"M4_04","M4","4","5","4","1","5","2"
1637,"M5_01","M5","1","2","4","5","4","2"
1637,"M5_02","M5","2","2","4","5","4","2"
1637,"M5_03","M5","1","2","5","5","4","2"
1637,"M5_04","M5","1","4","4","5","4","4"
1637,"somewhatagree","attention_check","4","4","4","4","4","4"
1637,"somewhatdisagree","attention_check","2","2","2","2","2","2"
1637,"stronglyagree","attention_check","6","6","6","6","6","6"
1637,"stronglydisagree","attention_check","0","0","0","0","0","0"
